year,department_code,department_name,ensemble_0_19,ensemble_20_39,ensemble_40_59,ensemble_60_74,ensemble_75_plus,ensemble_total,hommes_0_19,hommes_20_39,hommes_40_59,hommes_60_74,hommes_75_plus,hommes_total,femmes_0_19,femmes_20_39,femmes_40_59,femmes_60_74,femmes_75_plus,femmes_total,region_code,region_name,is_drom,drom_group
2022,01,Ain,171083,153504,182495,107884,56323,671289,88213,76928,90935,51863,23199,331138,82870,76576,91560,56021,33124,340151,84,Auvergne-Rhône-Alpes,0,
2022,02,Aisne,128221,114329,134661,98998,49349,525558,65960,57677,66899,47257,18948,256741,62261,56652,67762,51741,30401,268817,32,Hauts-de-France,0,
2022,03,Allier,67179,63028,85033,73080,46395,334715,34545,32148,42025,34331,17993,161042,32634,30880,43008,38749,28402,173673,84,Auvergne-Rhône-Alpes,0,
2022,04,Alpes-de-Haute-Provence,34273,31357,43740,36183,21626,167179,17681,15843,21226,17483,8919,81152,16592,15514,22514,18700,12707,86027,93,Provence-Alpes-Côte d'Azur,0,
2022,05,Hautes-Alpes,28625,27566,37503,30418,17565,141677,14834,13960,18594,14699,7171,69258,13791,13606,18909,15719,10394,72419,93,Provence-Alpes-Côte d'Azur,0,
2022,06,Alpes-Maritimes,232087,242165,291533,203694,145100,1114579,119313,117959,140420,93165,56663,527520,112774,124206,151113,110529,88437,587059,93,Provence-Alpes-Côte d'Azur,0,
2022,07,Ardèche,71791,62926,88199,70085,40228,333229,36909,31531,43830,33867,16514,162651,34882,31395,44369,36218,23714,170578,84,Auvergne-Rhône-Alpes,0,
2022,08,Ardennes,61602,56398,69694,52893,26617,267204,31866,28727,34568,25408,10381,130950,29736,27671,35126,27485,16236,136254,44,Grand Est,0,
2022,09,Ariège,31431,29626,40593,34001,19688,155339,16163,15269,19909,16563,8103,76007,15268,14357,20684,17438,11585,79332,76,Occitanie,0,
2022,10,Aube,74513,69248,78092,56845,32378,311076,38748,35161,38356,26769,12737,151771,35765,34087,39736,30076,19641,159305,44,Grand Est,0,
2022,11,Aude,78118,71728,98182,81538,48207,377773,40116,35773,47516,38629,19898,181932,38002,35955,50666,42909,28309,195841,76,Occitanie,0,
2022,12,Aveyron,55661,52517,72856,60571,38131,279736,28737,27485,36717,29783,15483,138205,26924,25032,36139,30788,22648,141531,76,Occitanie,0,
2022,13,Bouches-du-Rhône,475009,498576,532475,348976,214775,2069811,243318,243769,257015,161152,85694,990948,231691,254807,275460,187824,129081,1078863,93,Provence-Alpes-Côte d'Azur,0,
2022,14,Calvados,161216,160986,175123,134466,72814,704605,82832,80219,85905,62536,27654,339146,78384,80767,89218,71930,45160,365459,28,Normandie,0,
2022,15,Cantal,26970,25740,38131,33575,19983,144399,13825,13254,19182,16649,7881,70791,13145,12486,18949,16926,12102,73608,84,Auvergne-Rhône-Alpes,0,
2022,16,Charente,71649,70421,91125,74788,43620,351603,37345,35998,44818,35557,17415,171133,34304,34423,46307,39231,26205,180470,75,Nouvelle-Aquitaine,0,
2022,17,Charente-Maritime,130806,125799,169366,152925,89264,668160,67359,63707,82000,70980,36461,320507,63447,62092,87366,81945,52803,347653,75,Nouvelle-Aquitaine,0,
2022,18,Cher,63435,58965,75951,63659,37486,299496,32867,30143,37538,30128,15031,145707,30568,28822,38413,33531,22455,153789,24,Centre-Val de Loire,0,
2022,19,Corrèze,46140,46460,61356,53065,33099,240120,23987,24378,30535,25365,12923,117188,22153,22082,30821,27700,20176,122932,75,Nouvelle-Aquitaine,0,
2022,2A,Corse-du-Sud,33838,35280,45478,31938,19511,166045,17309,16739,22501,15322,8173,80044,16529,18541,22977,16616,11338,86001,94,Corse,0,
2022,2B,Haute-Corse,36704,41096,49470,36351,21610,185231,18810,20548,24070,17645,9209,90282,17894,20548,25400,18706,12401,94949,94,Corse,0,
2022,21,Côte-d'Or,120086,132210,133950,96473,54858,537577,61404,66203,65686,45279,21802,260374,58682,66007,68264,51194,33056,277203,27,Bourgogne-Franche-Comté,0,
2022,22,Côtes-d'Armor,132836,112478,155371,132660,76253,609598,68320,57031,76837,62996,29729,294913,64516,55447,78534,69664,46524,314685,53,Bretagne,0,
2022,23,Creuse,20622,19524,29550,28648,17185,115529,10571,10184,14783,14149,6693,56380,10051,9340,14767,14499,10492,59149,75,Nouvelle-Aquitaine,0,
2022,24,Dordogne,77540,72482,108254,99668,58381,416325,40112,36524,52602,47956,23633,200827,37428,35958,55652,51712,34748,215498,75,Nouvelle-Aquitaine,0,
2022,25,Doubs,134415,132334,137726,91823,52364,548662,68951,66632,68771,43041,21339,268734,65464,65702,68955,48782,31025,279928,27,Bourgogne-Franche-Comté,0,
2022,26,Drôme,122610,110960,135148,96683,56031,521432,63403,55425,65942,45748,22661,253179,59207,55535,69206,50935,33370,268253,84,Auvergne-Rhône-Alpes,0,
2022,27,Eure,150150,129796,159332,108923,53104,601305,77102,64967,78757,51660,20997,293483,73048,64829,80575,57263,32107,307822,28,Normandie,0,
2022,28,Eure-et-Loir,106993,91188,114775,78021,41973,432950,55338,45489,56976,37068,16884,211755,51655,45699,57799,40953,25089,221195,24,Centre-Val de Loire,0,
2022,29,Finistère,200860,195544,240465,187298,103745,927912,103461,100525,120202,89068,38839,452095,97399,95019,120263,98230,64906,475817,53,Bretagne,0,
2022,30,Gard,171821,156934,198364,151780,85111,764010,89041,77726,95962,71947,34451,369127,82780,79208,102402,79833,50660,394883,76,Occitanie,0,
2022,31,Haute-Garonne,344843,411404,372565,208829,118620,1456261,175434,205586,184616,97949,47178,710763,169409,205818,187949,110880,71442,745498,76,Occitanie,0,
2022,32,Gers,38015,33361,51357,43310,26606,192649,19820,16700,25184,21129,11145,93978,18195,16661,26173,22181,15461,98671,76,Occitanie,0,
2022,33,Gironde,380071,425899,439479,275255,154276,1674980,192937,209077,214774,126717,60370,803875,187134,216822,224705,148538,93906,871105,75,Nouvelle-Aquitaine,0,
2022,34,Hérault,273131,295491,302300,216714,129695,1217331,138923,143954,145708,99397,52721,580703,134208,151537,156592,117317,76974,636628,76,Occitanie,0,
2022,35,Ille-et-Vilaine,275281,282643,283749,170805,96754,1109232,140372,141528,142174,80381,37722,542177,134909,141115,141575,90424,59032,567055,53,Bretagne,0,
2022,36,Indre,42641,39381,55651,48603,30533,216809,21917,19762,27484,23425,12074,104662,20724,19619,28167,25178,18459,112147,24,Centre-Val de Loire,0,
2022,37,Indre-et-Loire,141017,142832,155175,110667,66635,616326,71576,70285,75838,51924,26444,296067,69441,72547,79337,58743,40191,320259,24,Centre-Val de Loire,0,
2022,38,Isère,319227,310129,337685,208309,116030,1291380,163692,156558,167749,98974,47235,634208,155535,153571,169936,109335,68795,657172,84,Auvergne-Rhône-Alpes,0,
2022,39,Jura,57186,52138,68273,50867,29941,258405,29473,26626,33866,24533,12066,126564,27713,25512,34407,26334,17875,131841,27,Bourgogne-Franche-Comté,0,
2022,40,Landes,87137,81314,116198,91716,52062,428427,44982,40901,57173,43561,21154,207771,42155,40413,59025,48155,30908,220656,75,Nouvelle-Aquitaine,0,
2022,41,Loir-et-Cher,71896,63939,85155,67008,40955,328953,37146,32155,42149,31741,16669,159860,34750,31784,43006,35267,24286,169093,24,Centre-Val de Loire,0,
2022,42,Loire,186013,170066,191844,137441,86677,772041,96037,84883,95217,64381,34049,374567,89976,85183,96627,73060,52628,397474,84,Auvergne-Rhône-Alpes,0,
2022,43,Haute-Loire,49747,43947,60308,47631,26528,228161,25854,22543,30279,23450,10347,112473,23893,21404,30029,24181,16181,115688,84,Auvergne-Rhône-Alpes,0,
2022,44,Loire-Atlantique,362443,368317,378779,235833,127784,1473156,186356,185458,188028,109681,48885,718408,176087,182859,190751,126152,78899,754748,52,Pays de la Loire,0,
2022,45,Loiret,171028,155870,174833,118743,66589,687063,88262,77939,85842,56185,26872,335100,82766,77931,88991,62558,39717,351963,24,Centre-Val de Loire,0,
2022,46,Lot,32050,29462,44873,43192,26043,175620,16562,14969,21957,20967,10875,85330,15488,14493,22916,22225,15168,90290,76,Occitanie,0,
2022,47,Lot-et-Garonne,69932,64207,84230,69634,44223,332226,36127,31864,41120,32962,18185,160258,33805,32343,43110,36672,26038,171968,75,Nouvelle-Aquitaine,0,
2022,48,Lozère,15812,14559,20102,16572,9458,76503,8197,7469,10273,8378,3912,38229,7615,7090,9829,8194,5546,38274,76,Occitanie,0,
2022,49,Maine-et-Loire,207105,190902,207749,140058,82337,828151,105768,94766,103581,66211,32427,402753,101337,96136,104168,73847,49910,425398,52,Pays de la Loire,0,
2022,50,Manche,105835,98704,126627,104620,61029,496815,54646,50660,63107,50478,23901,242792,51189,48044,63520,54142,37128,254023,28,Normandie,0,
2022,51,Marne,132448,138212,141396,99534,52517,564107,67081,69165,69780,45935,20192,272153,65367,69047,71616,53599,32325,291954,44,Grand Est,0,
2022,52,Haute-Marne,35275,34738,42894,36282,20676,169865,18190,18311,21506,17414,8131,83552,17085,16427,21388,18868,12545,86313,44,Grand Est,0,
2022,53,Mayenne,73964,62866,78302,56676,33629,305437,38074,32396,39456,27434,13539,150899,35890,30470,38846,29242,20090,154538,52,Pays de la Loire,0,
2022,54,Meurthe-et-Moselle,170323,184724,183923,126518,67410,732898,87235,92960,91080,58993,25867,356135,83088,91764,92843,67525,41543,376763,44,Grand Est,0,
2022,55,Meuse,39620,37217,46623,37936,19349,180745,20573,19538,23318,18612,7546,89587,19047,17679,23305,19324,11803,91158,44,Grand Est,0,
2022,56,Morbihan,166410,150164,201370,167144,91015,776103,86174,76911,99288,78820,35550,376743,80236,73253,102082,88324,55465,399360,53,Bretagne,0,
2022,57,Moselle,231823,249168,279121,194320,96289,1050721,119230,126710,138750,91867,37758,514315,112593,122458,140371,102453,58531,536406,44,Grand Est,0,
2022,58,Nièvre,38729,36228,50136,48327,28879,202299,19944,18535,24710,23125,11148,97462,18785,17693,25426,25202,17731,104837,27,Bourgogne-Franche-Comté,0,
2022,59,Nord,668946,671689,653030,417459,205785,2616909,341948,332478,321489,191934,75378,1263227,326998,339211,331541,225525,130407,1353682,32,Hauts-de-France,0,
2022,60,Oise,216189,192999,222735,134838,63964,830725,110572,95804,110900,64187,25418,406881,105617,97195,111835,70651,38546,423844,32,Hauts-de-France,0,
2022,61,Orne,59064,52295,69540,59613,35632,276144,30803,26700,34619,28877,13926,134925,28261,25595,34921,30736,21706,141219,28,Normandie,0,
2022,62,Pas-de-Calais,363680,335398,374627,262579,123900,1460184,186769,168412,186086,121927,44804,707998,176911,166986,188541,140652,79096,752186,32,Hauts-de-France,0,
2022,63,Puy-de-Dôme,147063,155389,169468,122580,69885,664385,74608,78202,84460,57674,27248,322192,72455,77187,85008,64906,42637,342193,84,Auvergne-Rhône-Alpes,0,
2022,64,Pyrénées-Atlantiques,143446,146734,186056,137811,85426,699473,74205,73250,90783,64492,33003,335733,69241,73484,95273,73319,52423,363740,75,Nouvelle-Aquitaine,0,
2022,65,Hautes-Pyrénées,45185,45437,59795,50019,31017,231453,23609,23337,29093,23638,12196,111873,21576,22100,30702,26381,18821,119580,76,Occitanie,0,
2022,66,Pyrénées-Orientales,105446,95950,125341,103064,63163,492964,54224,46771,60075,47941,25463,234474,51222,49179,65266,55123,37700,258490,76,Occitanie,0,
2022,67,Bas-Rhin,261392,293554,304085,197481,100451,1156963,133264,144981,150146,94203,40351,562945,128128,148573,153939,103278,60100,594018,44,Grand Est,0,
2022,68,Haut-Rhin,173249,172573,209012,139771,73195,767800,89797,86834,103822,67316,29572,377341,83452,85739,105190,72455,43623,390459,44,Grand Est,0,
2022,69,Rhône,476300,535385,466937,263706,165654,1907982,242638,261006,229691,121038,65404,919777,233662,274379,237246,142668,100250,988205,84,Auvergne-Rhône-Alpes,0,
2022,70,Haute-Saône,52043,45833,62317,48458,25269,233920,26964,23327,31199,23403,10347,115240,25079,22506,31118,25055,14922,118680,27,Bourgogne-Franche-Comté,0,
2022,71,Saône-et-Loire,115715,105535,141098,116271,70517,549136,60256,53915,69890,55634,27955,267650,55459,51620,71208,60637,42562,281486,27,Bourgogne-Franche-Comté,0,
2022,72,Sarthe,134604,120976,143957,105709,60883,566129,69418,60569,71632,50258,24239,276116,65186,60407,72325,55451,36644,290013,52,Pays de la Loire,0,
2022,73,Savoie,101173,100378,119131,79691,44915,445288,52316,51038,59485,38013,17823,218675,48857,49340,59646,41678,27092,226613,84,Auvergne-Rhône-Alpes,0,
2022,74,Haute-Savoie,205544,214537,233594,127412,68496,849583,106153,107796,116408,60021,27547,417925,99391,106741,117186,67391,40949,431658,84,Auvergne-Rhône-Alpes,0,
2022,75,Paris,386432,710394,526885,308541,181453,2113705,193283,335605,257066,138372,70182,994508,193149,374789,269819,170169,111271,1119197,11,Île-de-France,0,
2022,76,Seine-Maritime,301898,302204,311408,223237,121458,1260205,154314,150005,152304,103126,46243,605992,147584,152199,159104,120111,75215,654213,28,Normandie,0,
2022,77,Seine-et-Marne,392421,368261,387256,207569,96892,1452399,200763,179529,189856,98170,38950,707268,191658,188732,197400,109399,57942,745131,11,Île-de-France,0,
2022,78,Yvelines,387223,355033,398354,211191,118977,1470778,198627,175503,195960,97790,48590,716470,188596,179530,202394,113401,70387,754308,11,Île-de-France,0,
2022,79,Deux-Sèvres,84482,74438,99541,73474,43480,375415,43834,38103,49499,35366,17787,184589,40648,36335,50042,38108,25693,190826,75,Nouvelle-Aquitaine,0,
2022,80,Somme,133180,134445,143343,101965,52607,565540,68303,67116,70972,47978,20324,274693,64877,67329,72371,53987,32283,290847,32,Hauts-de-France,0,
2022,81,Tarn,84753,76369,103420,80337,51289,396168,43642,38258,50461,38268,20712,191341,41111,38111,52959,42069,30577,204827,76,Occitanie,0,
2022,82,Tarn-et-Garonne,63179,53110,70710,49354,28571,264924,32525,26687,34942,23774,11718,129646,30654,26423,35768,25580,16853,135278,76,Occitanie,0,
2022,83,Var,223703,225830,283423,227009,148399,1108364,115833,113363,137467,105468,60750,532881,107870,112467,145956,121541,87649,575483,93,Provence-Alpes-Côte d'Azur,0,
2022,84,Vaucluse,131046,119748,147452,107260,63196,568702,67448,58921,71276,49843,25511,272999,63598,60827,76176,57417,37685,295703,93,Provence-Alpes-Côte d'Azur,0,
2022,85,Vendée,157081,135825,181370,149783,82284,706343,81338,69067,90450,71548,33709,346112,75743,66758,90920,78235,48575,360231,52,Pays de la Loire,0,
2022,86,Vienne,100864,100896,108511,80991,47426,438688,51538,50023,53205,38676,19033,212475,49326,50873,55306,42315,28393,226213,75,Nouvelle-Aquitaine,0,
2022,87,Haute-Vienne,77916,79567,93840,75319,45796,372438,39775,39151,45987,35440,17936,178289,38141,40416,47853,39879,27860,194149,75,Nouvelle-Aquitaine,0,
2022,88,Vosges,75900,71579,93725,76498,40998,358700,39197,36750,46706,36597,15795,175045,36703,34829,47019,39901,25203,183655,44,Grand Est,0,
2022,89,Yonne,74234,64920,86717,69371,38654,333896,38314,33035,43097,33170,15428,163044,35920,31885,43620,36201,23226,170852,27,Bourgogne-Franche-Comté,0,
2022,90,Territoire de Belfort,33121,33121,36115,24492,13233,140082,17253,17590,18028,11486,5157,69514,15868,15531,18087,13006,8076,70568,27,Bourgogne-Franche-Comté,0,
2022,91,Essonne,353918,344498,346424,182274,97432,1324546,181683,171578,171658,86037,39248,650204,172235,172920,174766,96237,58184,674342,11,Île-de-France,0,
2022,92,Hauts-de-Seine,394922,467776,441847,217481,125409,1647435,201440,227168,212177,97511,47938,786234,193482,240608,229670,119970,77471,861201,11,Île-de-France,0,
2022,93,Seine-Saint-Denis,474620,479862,429593,208015,89635,1681725,243607,235893,215712,99688,37356,832256,231013,243969,213881,108327,52279,849469,11,Île-de-France,0,
2022,94,Val-de-Marne,353871,398554,369307,194254,103545,1419531,180223,193575,179357,90003,39908,683066,173648,204979,189950,104251,63637,736465,11,Île-de-France,0,
2022,95,Val-d'Oise,356230,333957,328841,172984,78833,1270845,182840,162359,161045,80777,31663,618684,173390,171598,167796,92207,47170,652161,11,Île-de-France,0,
2022,971,Guadeloupe,89708,72995,108817,75873,36176,383569,45739,32624,47105,35215,14720,175403,43969,40371,61712,40658,21456,208166,971,DROM,1,Guadeloupe
2022,972,Martinique,76689,68299,102083,76106,37842,361019,38891,30507,44923,34977,15376,164674,37798,37792,57160,41129,22466,196345,972,DROM,1,Martinique
2022,973,Guyane,118086,78175,62655,22911,6555,288382,59388,36340,30303,11360,2834,140225,58698,41835,32352,11551,3721,148157,973,DROM,1,Guyane
2022,974,La Réunion,256698,206406,242347,127621,48276,881348,129992,95186,114533,60690,19527,419928,126706,111220,127814,66931,28749,461420,974,DROM,1,La Réunion
2022,976,Mayotte,161054,79691,45956,10193,2740,299634,79642,33472,23072,5325,1300,142811,81412,46219,22884,4868,1440,156823,976,DROM,1,Mayotte
2023,01,Ain,171834,154315,183504,108805,58729,677187,88588,77382,91348,52266,24557,334141,83246,76933,92156,56539,34172,343046,84,Auvergne-Rhône-Alpes,0,
2023,02,Aisne,126633,113629,133647,98527,50792,523228,65257,57327,66534,46895,19778,255791,61376,56302,67113,51632,31014,267437,32,Hauts-de-France,0,
2023,03,Allier,66695,62893,84324,72412,47598,333922,34349,32165,41685,34117,18592,160908,32346,30728,42639,38295,29006,173014,84,Auvergne-Rhône-Alpes,0,
2023,04,Alpes-de-Haute-Provence,34215,31408,43543,36452,22387,168005,17654,15820,21166,17586,9323,81549,16561,15588,22377,18866,13064,86456,93,Provence-Alpes-Côte d'Azur,0,
2023,05,Hautes-Alpes,28138,27444,37283,30664,18297,141826,14549,13927,18517,14797,7508,69298,13589,13517,18766,15867,10789,72528,93,Provence-Alpes-Côte d'Azur,0,
2023,06,Alpes-Maritimes,231910,243010,292211,204089,148587,1119807,119338,118522,140508,93458,58316,530142,112572,124488,151703,110631,90271,589665,93,Provence-Alpes-Côte d'Azur,0,
2023,07,Ardèche,71585,62967,88122,70248,41529,334451,36775,31624,43740,33910,17240,163289,34810,31343,44382,36338,24289,171162,84,Auvergne-Rhône-Alpes,0,
2023,08,Ardennes,60828,56051,68942,52680,27364,265865,31459,28701,34116,25306,10871,130453,29369,27350,34826,27374,16493,135412,44,Grand Est,0,
2023,09,Ariège,31366,29718,40461,34064,20151,155760,16122,15365,19767,16575,8416,76245,15244,14353,20694,17489,11735,79515,76,Occitanie,0,
2023,10,Aube,74271,69181,77646,56603,33469,311170,38663,35260,38126,26583,13370,152002,35608,33921,39520,30020,20099,159168,44,Grand Est,0,
2023,11,Aude,77545,71631,97945,81404,49902,378427,39839,35875,47379,38534,20687,182314,37706,35756,50566,42870,29215,196113,76,Occitanie,0,
2023,12,Aveyron,55118,52536,72512,60400,38675,279241,28407,27615,36521,29722,15804,138069,26711,24921,35991,30678,22871,141172,76,Occitanie,0,
2023,13,Bouches-du-Rhône,472546,499888,534001,348846,221426,2076707,242279,244336,258170,161036,88785,994606,230267,255552,275831,187810,132641,1082101,93,Provence-Alpes-Côte d'Azur,0,
2023,14,Calvados,160367,161397,175121,134110,75553,706548,82382,80680,85891,62142,29200,340295,77985,80717,89230,71968,46353,366253,28,Normandie,0,
2023,15,Cantal,26633,25858,37739,33601,20346,144177,13614,13362,19034,16641,8183,70834,13019,12496,18705,16960,12163,73343,84,Auvergne-Rhône-Alpes,0,
2023,16,Charente,71180,70235,90478,74699,44431,351023,37145,36036,44558,35496,17858,171093,34035,34199,45920,39203,26573,179930,75,Nouvelle-Aquitaine,0,
2023,17,Charente-Maritime,130295,126301,170093,152682,93072,672443,67033,64182,82274,70938,38201,322628,63262,62119,87819,81744,54871,349815,75,Nouvelle-Aquitaine,0,
2023,18,Cher,63081,58868,74917,62997,38541,298404,32849,30068,36995,29870,15569,145351,30232,28800,37922,33127,22972,153053,24,Centre-Val de Loire,0,
2023,19,Corrèze,45907,46527,60803,52796,33878,239911,23943,24408,30310,25251,13365,117277,21964,22119,30493,27545,20513,122634,75,Nouvelle-Aquitaine,0,
2023,2A,Corse-du-Sud,34613,35549,45792,32408,19915,168277,17676,16874,22631,15529,8317,81027,16937,18675,23161,16879,11598,87250,94,Corse,0,
2023,2B,Haute-Corse,36350,41049,49838,36447,22305,185989,18637,20536,24222,17678,9575,90648,17713,20513,25616,18769,12730,95341,94,Corse,0,
2023,21,Côte-d'Or,119234,132552,133561,95822,56911,538080,61023,66521,65773,44767,22903,260987,58211,66031,67788,51055,34008,277093,27,Bourgogne-Franche-Comté,0,
2023,22,Côtes-d'Armor,132159,112836,155365,132281,78617,611258,68061,57320,76776,62749,31073,295979,64098,55516,78589,69532,47544,315279,53,Bretagne,0,
2023,23,Creuse,20508,19395,29182,28325,17530,114940,10506,10115,14654,13930,6911,56116,10002,9280,14528,14395,10619,58824,75,Nouvelle-Aquitaine,0,
2023,24,Dordogne,77253,72483,107266,99765,59904,416671,40031,36474,52052,47936,24532,201025,37222,36009,55214,51829,35372,215646,75,Nouvelle-Aquitaine,0,
2023,25,Doubs,133603,132176,138287,91180,54216,549462,68363,66772,69067,42682,22302,269186,65240,65404,69220,48498,31914,280276,27,Bourgogne-Franche-Comté,0,
2023,26,Drôme,121850,111027,134993,96939,57645,522454,62946,55617,65936,45925,23371,253795,58904,55410,69057,51014,34274,268659,84,Auvergne-Rhône-Alpes,0,
2023,27,Eure,149034,129481,158954,108928,55136,601533,76421,65161,78516,51657,21979,293734,72613,64320,80438,57271,33157,307799,28,Normandie,0,
2023,28,Eure-et-Loir,106513,90654,115002,77767,43196,433132,55166,45297,57025,37007,17442,211937,51347,45357,57977,40760,25754,221195,24,Centre-Val de Loire,0,
2023,29,Finistère,199555,195502,240338,188081,107234,930710,102833,100544,119967,89686,40780,453810,96722,94958,120371,98395,66454,476900,53,Bretagne,0,
2023,30,Gard,171423,157148,199121,152341,88133,768166,88998,78028,96205,72352,35907,371490,82425,79120,102916,79989,52226,396676,76,Occitanie,0,
2023,31,Haute-Garonne,346255,416237,376493,210800,123514,1473299,176166,208158,186781,98931,49434,719470,170089,208079,189712,111869,74080,753829,76,Occitanie,0,
2023,32,Gers,37922,33319,50938,43464,27179,192822,19808,16705,24900,21279,11398,94090,18114,16614,26038,22185,15781,98732,76,Occitanie,0,
2023,33,Gironde,380853,429243,443948,275231,160439,1689714,193026,211085,216716,126728,63465,811020,187827,218158,227232,148503,96974,878694,75,Nouvelle-Aquitaine,0,
2023,34,Hérault,273784,298755,304548,217103,135370,1229560,139354,145478,146806,99554,55274,586466,134430,153277,157742,117549,80096,643094,76,Occitanie,0,
2023,35,Ille-et-Vilaine,274874,285057,285392,172067,100257,1117647,140231,142619,142929,81096,39502,546377,134643,142438,142463,90971,60755,571270,53,Bretagne,0,
2023,36,Indre,42177,39195,55039,48034,31133,215578,21741,19661,27177,23184,12413,104176,20436,19534,27862,24850,18720,111402,24,Centre-Val de Loire,0,
2023,37,Indre-et-Loire,140064,143644,154816,110348,68831,617703,71210,70644,75784,51601,27622,296861,68854,73000,79032,58747,41209,320842,24,Centre-Val de Loire,0,
2023,38,Isère,318043,311043,338338,209630,120033,1297087,163078,157199,168017,99589,49288,637171,154965,153844,170321,110041,70745,659916,84,Auvergne-Rhône-Alpes,0,
2023,39,Jura,56530,51997,67871,50681,30907,257986,29143,26641,33608,24533,12537,126462,27387,25356,34263,26148,18370,131524,27,Bourgogne-Franche-Comté,0,
2023,40,Landes,87185,81888,116974,92463,54207,432717,44980,41278,57475,44001,22268,210002,42205,40610,59499,48462,31939,222715,75,Nouvelle-Aquitaine,0,
2023,41,Loir-et-Cher,71352,63852,84489,66803,41864,328360,36912,32105,41784,31574,17150,159525,34440,31747,42705,35229,24714,168835,24,Centre-Val de Loire,0,
2023,42,Loire,185483,170120,192272,136249,89569,773693,95800,84975,95516,63839,35617,375747,89683,85145,96756,72410,53952,397946,84,Auvergne-Rhône-Alpes,0,
2023,43,Haute-Loire,49260,43979,59967,47387,27441,228034,25608,22579,30046,23316,10871,112420,23652,21400,29921,24071,16570,115614,84,Auvergne-Rhône-Alpes,0,
2023,44,Loire-Atlantique,361686,372052,382487,236123,133801,1486149,186191,187736,189922,109862,51913,725624,175495,184316,192565,126261,81888,760525,52,Pays de la Loire,0,
2023,45,Loiret,170098,156026,175062,118586,68767,688539,87938,78244,85927,56009,28035,336153,82160,77782,89135,62577,40732,352386,24,Centre-Val de Loire,0,
2023,46,Lot,31691,29534,44566,43201,26866,175858,16381,15048,21808,20925,11275,85437,15310,14486,22758,22276,15591,90421,76,Occitanie,0,
2023,47,Lot-et-Garonne,69719,63978,83723,69524,45136,332080,35993,31774,40930,32903,18713,160313,33726,32204,42793,36621,26423,171767,75,Nouvelle-Aquitaine,0,
2023,48,Lozère,15716,14424,20016,16537,9778,76471,8109,7463,10203,8379,4078,38232,7607,6961,9813,8158,5700,38239,76,Occitanie,0,
2023,49,Maine-et-Loire,205961,191744,208337,140092,84260,830394,105136,95335,103660,66306,33379,403816,100825,96409,104677,73786,50881,426578,52,Pays de la Loire,0,
2023,50,Manche,105025,98786,125569,104645,62416,496441,54297,50722,62641,50475,24678,242813,50728,48064,62928,54170,37738,253628,28,Normandie,0,
2023,51,Marne,130863,137481,140872,98557,54614,562387,66270,68630,69452,45436,21282,271070,64593,68851,71420,53121,33332,291317,44,Grand Est,0,
2023,52,Haute-Marne,34656,34664,42143,36036,21355,168854,17861,18313,21180,17340,8462,83156,16795,16351,20963,18696,12893,85698,44,Grand Est,0,
2023,53,Mayenne,72993,62995,77622,56563,34457,304630,37534,32557,39143,27426,13865,150525,35459,30438,38479,29137,20592,154105,52,Pays de la Loire,0,
2023,54,Meurthe-et-Moselle,168788,183890,183795,125883,69388,731744,86573,92449,91032,58771,26770,355595,82215,91441,92763,67112,42618,376149,44,Grand Est,0,
2023,55,Meuse,38872,36757,46070,37642,20098,179439,20222,19340,23007,18486,7969,89024,18650,17417,23063,19156,12129,90415,44,Grand Est,0,
2023,56,Morbihan,165403,150481,201674,167952,95123,780633,85828,77077,99510,79115,37688,379218,79575,73404,102164,88837,57435,401415,53,Bretagne,0,
2023,57,Moselle,230313,248041,278322,195693,98323,1050692,118588,126226,138466,92281,39060,514621,111725,121815,139856,103412,59263,536071,44,Grand Est,0,
2023,58,Nièvre,38377,36213,49503,47652,29664,201409,19681,18545,24447,22799,11589,97061,18696,17668,25056,24853,18075,104348,27,Bourgogne-Franche-Comté,0,
2023,59,Nord,661698,670330,653826,416508,213977,2616339,338234,331849,322039,191382,79567,1263071,323464,338481,331787,225126,134410,1353268,32,Hauts-de-France,0,
2023,60,Oise,214541,192360,222198,134970,66440,830509,109669,95700,110440,64308,26797,406914,104872,96660,111758,70662,39643,423595,32,Hauts-de-France,0,
2023,61,Orne,58218,51952,68837,59264,36471,274742,30467,26560,34330,28703,14348,134408,27751,25392,34507,30561,22123,140334,28,Normandie,0,
2023,62,Pas-de-Calais,359273,332599,374077,262085,128639,1456673,184608,166951,185750,122064,47142,706515,174665,165648,188327,140021,81497,750158,32,Hauts-de-France,0,
2023,63,Puy-de-Dôme,146108,155284,169331,121518,72022,664263,74238,78126,84413,57104,28402,322283,71870,77158,84918,64414,43620,341980,84,Auvergne-Rhône-Alpes,0,
2023,64,Pyrénées-Atlantiques,142971,147635,186248,139029,88191,704074,74108,73618,90952,65030,34332,338040,68863,74017,95296,73999,53859,366034,75,Nouvelle-Aquitaine,0,
2023,65,Hautes-Pyrénées,44956,45672,59720,49727,31563,231638,23508,23495,29046,23501,12543,112093,21448,22177,30674,26226,19020,119545,76,Occitanie,0,
2023,66,Pyrénées-Orientales,105556,96440,125938,102938,65408,496280,54408,47021,60276,47947,26477,236129,51148,49419,65662,54991,38931,260151,76,Occitanie,0,
2023,67,Bas-Rhin,260358,293809,304151,199274,103136,1160728,132870,145149,149958,94951,41865,564793,127488,148660,154193,104323,61271,595935,44,Grand Est,0,
2023,68,Haut-Rhin,171063,171732,208044,141227,75094,767160,88664,86713,103199,68076,30652,377304,82399,85019,104845,73151,44442,389856,44,Grand Est,0,
2023,69,Rhône,473927,537552,470578,262933,171474,1916464,241867,262146,231143,121258,67983,924397,232060,275406,239435,141675,103491,992067,84,Auvergne-Rhône-Alpes,0,
2023,70,Haute-Saône,51298,45568,61930,48345,26152,233293,26618,23193,30997,23386,10783,114977,24680,22375,30933,24959,15369,118316,27,Bourgogne-Franche-Comté,0,
2023,71,Saône-et-Loire,114536,104992,140040,115702,72518,547788,59597,53795,69345,55521,28942,267200,54939,51197,70695,60181,43576,280588,27,Bourgogne-Franche-Comté,0,
2023,72,Sarthe,133459,120927,143341,105250,62372,565349,68913,60634,71239,50014,25107,275907,64546,60293,72102,55236,37265,289442,52,Pays de la Loire,0,
2023,73,Savoie,101056,100700,119564,80213,46464,447997,52356,51233,59715,38214,18633,220151,48700,49467,59849,41999,27831,227846,84,Auvergne-Rhône-Alpes,0,
2023,74,Haute-Savoie,205902,215327,235838,128489,71151,856707,106288,108507,117527,60588,28824,421734,99614,106820,118311,67901,42327,434973,84,Auvergne-Rhône-Alpes,0,
2023,75,Paris,375695,707147,519723,302952,187296,2092813,187762,333678,253652,136788,72709,984589,187933,373469,266071,166164,114587,1108224,11,Île-de-France,0,
2023,76,Seine-Maritime,299889,301372,311096,222909,124992,1260258,153271,149962,152163,102712,48227,606335,146618,151410,158933,120197,76765,653923,28,Normandie,0,
2023,77,Seine-et-Marne,391573,370558,388923,208633,101865,1461552,200319,181032,190656,98580,41478,712065,191254,189526,198267,110053,60387,749487,11,Île-de-France,0,
2023,78,Yvelines,385992,357362,399757,211309,122808,1477228,198220,176982,196763,97725,50286,719976,187772,180380,202994,113584,72522,757252,11,Île-de-France,0,
2023,79,Deux-Sèvres,83380,74644,99007,73546,44439,375016,43270,38341,49269,35343,18277,184500,40110,36303,49738,38203,26162,190516,75,Nouvelle-Aquitaine,0,
2023,80,Somme,131321,133725,142700,101582,54215,563543,67237,66760,70769,47814,21205,273785,64084,66965,71931,53768,33010,289758,32,Hauts-de-France,0,
2023,81,Tarn,84204,76858,103471,80477,52765,397775,43361,38660,50498,38353,21450,192322,40843,38198,52973,42124,31315,205453,76,Occitanie,0,
2023,82,Tarn-et-Garonne,63061,53256,70726,49591,29322,265956,32400,26866,34983,23804,12185,130238,30661,26390,35743,25787,17137,135718,76,Occitanie,0,
2023,83,Var,223887,227047,284555,227797,154286,1117572,116061,114046,138115,105905,63466,537593,107826,113001,146440,121892,90820,579979,93,Provence-Alpes-Côte d'Azur,0,
2023,84,Vaucluse,130465,119378,147119,107769,65701,570432,67271,58690,71331,49927,26731,273950,63194,60688,75788,57842,38970,296482,93,Provence-Alpes-Côte d'Azur,0,
2023,85,Vendée,156036,136387,182532,150813,86134,711902,81042,69579,91128,71910,35649,349308,74994,66808,91404,78903,50485,362594,52,Pays de la Loire,0,
2023,86,Vienne,99922,100895,108374,80439,48512,438142,51071,50142,53014,38482,19649,212358,48851,50753,55360,41957,28863,225784,75,Nouvelle-Aquitaine,0,
2023,87,Haute-Vienne,77350,79779,93313,74783,46858,372083,39548,39315,45756,35100,18592,178311,37802,40464,47557,39683,28266,193772,75,Nouvelle-Aquitaine,0,
2023,88,Vosges,74557,70998,92677,76119,42082,356433,38542,36609,46151,36410,16462,174174,36015,34389,46526,39709,25620,182259,44,Grand Est,0,
2023,89,Yonne,73542,64325,86518,68842,39463,332690,37898,32863,43013,32826,15893,162493,35644,31462,43505,36016,23570,170197,27,Bourgogne-Franche-Comté,0,
2023,90,Territoire de Belfort,32929,32761,36127,24177,13532,139526,17160,17432,18043,11283,5366,69284,15769,15329,18084,12894,8166,70242,27,Bourgogne-Franche-Comté,0,
2023,91,Essonne,354029,346563,346482,183118,100990,1331182,181894,173196,171606,86573,40714,653983,172135,173367,174876,96545,60276,677199,11,Île-de-France,0,
2023,92,Hauts-de-Seine,391051,470591,443884,218439,129247,1653212,199575,228744,213501,97617,50031,789468,191476,241847,230383,120822,79216,863744,11,Île-de-France,0,
2023,93,Seine-Saint-Denis,472223,483355,431839,211464,93234,1692115,242534,238610,216559,101152,39552,838407,229689,244745,215280,110312,53682,853708,11,Île-de-France,0,
2023,94,Val-de-Marne,349771,401235,368693,195135,107352,1422186,178031,195206,179416,90324,41605,684582,171740,206029,189277,104811,65747,737604,11,Île-de-France,0,
2023,95,Val-d'Oise,355569,335298,330108,174014,82082,1277071,182676,163513,161958,80895,33253,622295,172893,171785,168150,93119,48829,654776,11,Île-de-France,0,
2023,971,Guadeloupe,87738,72245,106585,78716,37449,382733,44868,32287,45956,36531,15335,174977,42870,39958,60629,42185,22114,207756,971,DROM,1,Guadeloupe
2023,972,Martinique,75330,67460,99549,78386,38477,359202,38388,29924,43730,36028,15640,163710,36942,37536,55819,42358,22837,195492,972,DROM,1,Martinique
2023,973,Guyane,117478,78228,63925,23509,6970,290110,59238,36097,30718,11674,3027,140754,58240,42131,33207,11835,3943,149356,973,DROM,1,Guyane
2023,974,La Réunion,255107,206557,241251,133004,50534,886453,129225,95106,113668,63305,20785,422089,125882,111451,127583,69699,29749,464364,974,DROM,1,La Réunion
2023,976,Mayotte,166743,82505,47593,10556,2802,310199,82457,34652,23894,5508,1334,147845,84286,47853,23699,5048,1468,162354,976,DROM,1,Mayotte
2024,01,Ain,172606,155144,183851,110161,61272,683034,88879,77981,91340,53050,25805,337055,83727,77163,92511,57111,35467,345979,84,Auvergne-Rhône-Alpes,0,
2024,02,Aisne,125278,112890,132177,98010,52797,521152,64495,57195,65779,46571,20842,254882,60783,55695,66398,51439,31955,266270,32,Hauts-de-France,0,
2024,03,Allier,66335,62761,83422,72039,48677,333234,34259,32120,41211,33927,19296,160813,32076,30641,42211,38112,29381,172421,84,Auvergne-Rhône-Alpes,0,
2024,04,Alpes-de-Haute-Provence,34292,31345,43440,36420,23411,168908,17648,15827,21096,17515,9860,81946,16644,15518,22344,18905,13551,86962,93,Provence-Alpes-Côte d'Azur,0,
2024,05,Hautes-Alpes,27697,27464,36825,30843,19077,141906,14328,13977,18328,14825,7883,69341,13369,13487,18497,16018,11194,72565,93,Provence-Alpes-Côte d'Azur,0,
2024,06,Alpes-Maritimes,231333,243998,291515,205792,152354,1124992,119073,119141,140085,94424,60058,532781,112260,124857,151430,111368,92296,592211,93,Provence-Alpes-Côte d'Azur,0,
2024,07,Ardèche,71485,62943,87699,70690,43016,335833,36676,31666,43534,34094,18092,164062,34809,31277,44165,36596,24924,171771,84,Auvergne-Rhône-Alpes,0,
2024,08,Ardennes,60141,55704,67600,52745,28366,264556,31116,28631,33429,25341,11431,129948,29025,27073,34171,27404,16935,134608,44,Grand Est,0,
2024,09,Ariège,31282,30000,40183,34114,20725,156304,16029,15540,19599,16543,8748,76459,15253,14460,20584,17571,11977,79845,76,Occitanie,0,
2024,10,Aube,73987,69050,77186,56433,34531,311187,38590,35277,37980,26409,13898,152154,35397,33773,39206,30024,20633,159033,44,Grand Est,0,
2024,11,Aude,77047,71655,97370,81414,51704,379190,39737,35860,47132,38411,21647,182787,37310,35795,50238,43003,30057,196403,76,Occitanie,0,
2024,12,Aveyron,54845,52476,71799,60158,39543,278821,28203,27740,36156,29614,16324,138037,26642,24736,35643,30544,23219,140784,76,Occitanie,0,
2024,13,Bouches-du-Rhône,469162,502466,532583,350361,229110,2083682,240660,245861,257690,161655,92382,998248,228502,256605,274893,188706,136728,1085434,93,Provence-Alpes-Côte d'Azur,0,
2024,14,Calvados,159002,162588,174328,134203,79007,709128,81721,81452,85482,62156,30909,341720,77281,81136,88846,72047,48098,367408,28,Normandie,0,
2024,15,Cantal,26401,25870,37233,33585,20875,143964,13546,13448,18729,16634,8523,70880,12855,12422,18504,16951,12352,73084,84,Auvergne-Rhône-Alpes,0,
2024,16,Charente,70777,70221,89598,74523,45553,350672,36941,36117,44207,35360,18487,171112,33836,34104,45391,39163,27066,179560,75,Nouvelle-Aquitaine,0,
2024,17,Charente-Maritime,129538,127258,170137,152960,97296,677189,66557,64868,82302,71074,40269,325070,62981,62390,87835,81886,57027,352119,75,Nouvelle-Aquitaine,0,
2024,18,Cher,62527,58780,73994,62231,39487,297019,32592,30127,36493,29464,16069,144745,29935,28653,37501,32767,23418,152274,24,Centre-Val de Loire,0,
2024,19,Corrèze,45801,46312,60326,52372,34893,239704,23983,24291,30184,25039,13935,117432,21818,22021,30142,27333,20958,122272,75,Nouvelle-Aquitaine,0,
2024,2A,Corse-du-Sud,35400,35671,46068,32848,20526,170513,17974,16964,22789,15703,8618,82048,17426,18707,23279,17145,11908,88465,94,Corse,0,
2024,2B,Haute-Corse,35746,41333,49880,36636,23129,186724,18327,20654,24264,17708,10025,90978,17419,20679,25616,18928,13104,95746,94,Corse,0,
2024,21,Côte-d'Or,118019,133427,132577,95283,59202,538508,60370,67173,65303,44558,24067,261471,57649,66254,67274,50725,35135,277037,27,Bourgogne-Franche-Comté,0,
2024,22,Côtes-d'Armor,131566,113408,154546,132432,81349,613301,67766,57736,76251,62802,32558,297113,63800,55672,78295,69630,48791,316188,53,Bretagne,0,
2024,23,Creuse,20441,19371,28660,28122,18006,114600,10487,10072,14439,13757,7260,56015,9954,9299,14221,14365,10746,58585,75,Nouvelle-Aquitaine,0,
2024,24,Dordogne,77061,72345,106149,100030,61812,417397,39914,36441,51482,47925,25662,201424,37147,35904,54667,52105,36150,215973,75,Nouvelle-Aquitaine,0,
2024,25,Doubs,132639,132696,137845,90976,56099,550255,67928,67058,68819,42539,23325,269669,64711,65638,69026,48437,32774,280586,27,Bourgogne-Franche-Comté,0,
2024,26,Drôme,121045,111068,134541,97175,59628,523457,62608,55755,65710,46062,24228,254363,58437,55313,68831,51113,35400,269094,84,Auvergne-Rhône-Alpes,0,
2024,27,Eure,148025,129239,158052,108906,57631,601853,75956,65237,78066,51629,23108,293996,72069,64002,79986,57277,34523,307857,28,Normandie,0,
2024,28,Eure-et-Loir,106014,90553,114161,77876,44700,433304,54950,45362,56568,36924,18246,212050,51064,45191,57593,40952,26454,221254,24,Centre-Val de Loire,0,
2024,29,Finistère,197581,196661,239265,188526,111595,933628,101836,100969,119557,90169,42923,455454,95745,95692,119708,98357,68672,478174,53,Bretagne,0,
2024,30,Gard,171184,157189,198353,153673,91844,772243,88888,78349,95920,72885,37632,373674,82296,78840,102433,80788,54212,398569,76,Occitanie,0,
2024,31,Haute-Garonne,346378,422293,378851,213743,128486,1489751,176270,211595,187785,100629,51659,727938,170108,210698,191066,113114,76827,761813,76,Occitanie,0,
2024,32,Gers,37657,33444,50396,43566,27857,192920,19615,16828,24613,21277,11798,94131,18042,16616,25783,22289,16059,98789,76,Occitanie,0,
2024,33,Gironde,380257,434121,446344,276407,167468,1704597,192503,213638,217888,127272,66714,818015,187754,220483,228456,149135,100754,886582,75,Nouvelle-Aquitaine,0,
2024,34,Hérault,273246,302364,306013,218197,141721,1241541,139291,146951,147522,100012,58194,591970,133955,155413,158491,118185,83527,649571,76,Occitanie,0,
2024,35,Ille-et-Vilaine,273893,288746,286101,173330,104346,1126416,139742,144437,143260,81749,41572,550760,134151,144309,142841,91581,62774,575656,53,Bretagne,0,
2024,36,Indre,41848,38980,54026,47896,31775,214525,21582,19585,26647,23068,12817,103699,20266,19395,27379,24828,18958,110826,24,Centre-Val de Loire,0,
2024,37,Indre-et-Loire,138930,144774,154284,109929,71393,619310,70730,71147,75543,51429,28873,297722,68200,73627,78741,58500,42520,321588,24,Centre-Val de Loire,0,
2024,38,Isère,316437,312655,337429,211852,124598,1302971,162264,158408,167323,100744,51553,640292,154173,154247,170106,111108,73045,662679,84,Auvergne-Rhône-Alpes,0,
2024,39,Jura,55971,52045,67135,50668,31825,257644,28870,26663,33276,24525,13086,126420,27101,25382,33859,26143,18739,131224,27,Bourgogne-Franche-Comté,0,
2024,40,Landes,87479,82115,117339,93196,56743,436872,45109,41496,57645,44393,23434,212077,42370,40619,59694,48803,33309,224795,75,Nouvelle-Aquitaine,0,
2024,41,Loir-et-Cher,70867,63769,83727,66496,43153,328012,36670,32043,41422,31408,17812,159355,34197,31726,42305,35088,25341,168657,24,Centre-Val de Loire,0,
2024,42,Loire,184472,170688,191872,135740,92585,775357,95274,85503,95335,63708,37117,376937,89198,85185,96537,72032,55468,398420,84,Auvergne-Rhône-Alpes,0,
2024,43,Haute-Loire,48859,44010,59422,47315,28404,228010,25432,22646,29705,23244,11444,112471,23427,21364,29717,24071,16960,115539,84,Auvergne-Rhône-Alpes,0,
2024,44,Loire-Atlantique,360450,376456,384904,236821,140328,1498959,185624,190468,191270,110125,55242,732729,174826,185988,193634,126696,85086,766230,52,Pays de la Loire,0,
2024,45,Loiret,169197,156363,174550,118265,71470,689845,87556,78670,85595,55815,29365,337001,81641,77693,88955,62450,42105,352844,24,Centre-Val de Loire,0,
2024,46,Lot,31403,29530,44185,43216,27769,176103,16286,15012,21626,20910,11752,85586,15117,14518,22559,22306,16017,90517,76,Occitanie,0,
2024,47,Lot-et-Garonne,69588,63864,82954,69376,46536,332318,35909,31805,40577,32806,19462,160559,33679,32059,42377,36570,27074,171759,75,Nouvelle-Aquitaine,0,
2024,48,Lozère,15583,14499,19806,16484,10140,76512,8020,7562,10071,8338,4293,38284,7563,6937,9735,8146,5847,38228,76,Occitanie,0,
2024,49,Maine-et-Loire,204225,193539,208035,140157,86902,832858,104221,96386,103373,66367,34587,404934,100004,97153,104662,73790,52315,427924,52,Pays de la Loire,0,
2024,50,Manche,104354,98553,124289,104647,64488,496331,53937,50701,61999,50592,25641,242870,50417,47852,62290,54055,38847,253461,28,Normandie,0,
2024,51,Marne,128877,137231,139641,97790,57011,560550,65266,68370,68854,45001,22532,270023,63611,68861,70787,52789,34479,290527,44,Grand Est,0,
2024,52,Haute-Marne,34327,34560,41163,35901,22058,168009,17683,18325,20639,17300,8900,82847,16644,16235,20524,18601,13158,85162,44,Grand Est,0,
2024,53,Mayenne,72093,63157,76876,56262,35471,303859,37090,32656,38862,27248,14425,150281,35003,30501,38014,29014,21046,153578,52,Pays de la Loire,0,
2024,54,Meurthe-et-Moselle,166861,183721,182947,125544,71425,730498,85681,92289,90728,58521,27888,355107,81180,91432,92219,67023,43537,375391,44,Grand Est,0,
2024,55,Meuse,38329,36152,45350,37658,20742,178231,19947,19090,22608,18469,8416,88530,18382,17062,22742,19189,12326,89701,44,Grand Est,0,
2024,56,Morbihan,164541,150972,201265,168864,99601,785243,85489,77473,99301,79549,39943,381755,79052,73499,101964,89315,59658,403488,53,Bretagne,0,
2024,57,Moselle,228931,247477,275879,197209,101401,1050897,117699,126303,137305,92883,40558,514748,111232,121174,138574,104326,60843,536149,44,Grand Est,0,
2024,58,Nièvre,38043,36269,48781,46992,30456,200541,19438,18586,24146,22428,12083,96681,18605,17683,24635,24564,18373,103860,27,Bourgogne-Franche-Comté,0,
2024,59,Nord,653467,670893,651732,416876,223199,2616167,334437,331745,321206,191824,84007,1263219,319030,339148,330526,225052,139192,1352948,32,Hauts-de-France,0,
2024,60,Oise,213104,191839,220815,134970,69303,830031,108964,95641,109713,64316,28217,406851,104140,96198,111102,70654,41086,423180,32,Hauts-de-France,0,
2024,61,Orne,57577,51678,67619,59109,37436,273419,30165,26538,33675,28589,14928,133895,27412,25140,33944,30520,22508,139524,28,Normandie,0,
2024,62,Pas-de-Calais,355620,330417,371214,262136,134145,1453532,182788,165814,184372,122388,49979,705341,172832,164603,186842,139748,84166,748191,32,Hauts-de-France,0,
2024,63,Puy-de-Dôme,144495,156093,168263,120549,74735,664135,73409,78834,83775,56697,29730,322445,71086,77259,84488,63852,45005,341690,84,Auvergne-Rhône-Alpes,0,
2024,64,Pyrénées-Atlantiques,142291,149002,185782,140250,91500,708825,73910,74301,90539,65618,35989,340357,68381,74701,95243,74632,55511,368468,75,Nouvelle-Aquitaine,0,
2024,65,Hautes-Pyrénées,44838,46081,59200,49617,32409,232145,23473,23655,28800,23461,13060,112449,21365,22426,30400,26156,19349,119696,76,Occitanie,0,
2024,66,Pyrénées-Orientales,105949,96778,125937,103651,67788,500103,54602,47325,60192,48292,27657,238068,51347,49453,65745,55359,40131,262035,76,Occitanie,0,
2024,67,Bas-Rhin,258541,295534,302877,201263,106582,1164797,131949,146183,149120,95923,43744,566919,126592,149351,153757,105340,62838,597878,44,Grand Est,0,
2024,68,Haut-Rhin,169001,170891,206616,142360,77681,766549,87530,86722,102444,68553,32015,377264,81471,84169,104172,73807,45666,389285,44,Grand Est,0,
2024,69,Rhône,469466,541497,471978,264166,177609,1924716,239579,264568,231647,122340,70815,928949,229887,276929,240331,141826,106794,995767,84,Auvergne-Rhône-Alpes,0,
2024,70,Haute-Saône,50745,45255,61274,48109,27243,232626,26347,23067,30684,23226,11349,114673,24398,22188,30590,24883,15894,117953,27,Bourgogne-Franche-Comté,0,
2024,71,Saône-et-Loire,113670,104385,138685,115454,74560,546754,59159,53607,68693,55393,30072,266924,54511,50778,69992,60061,44488,279830,27,Bourgogne-Franche-Comté,0,
2024,72,Sarthe,132136,121257,142210,105040,64270,564913,68215,60970,70652,49961,26101,275899,63921,60287,71558,55079,38169,289014,52,Pays de la Loire,0,
2024,73,Savoie,100533,101380,119412,81060,48066,450451,52053,51779,59696,38562,19400,221490,48480,49601,59716,42498,28666,228961,84,Auvergne-Rhône-Alpes,0,
2024,74,Haute-Savoie,206390,216044,237025,130104,74077,863640,106460,108960,118274,61403,30282,425379,99930,107084,118751,68701,43795,438261,84,Auvergne-Rhône-Alpes,0,
2024,75,Paris,364419,704291,509690,298997,193409,2070806,182546,331754,248897,135426,75627,974250,181873,372537,260793,163571,117782,1096556,11,Île-de-France,0,
2024,76,Seine-Maritime,297281,301590,309111,223037,129293,1260312,152046,150354,151063,102901,50322,606686,145235,151236,158048,120136,78971,653626,28,Normandie,0,
2024,77,Seine-et-Marne,391213,372735,388899,210777,107139,1470763,200285,182306,190516,99588,44049,716744,190928,190429,198383,111189,63090,754019,11,Île-de-France,0,
2024,78,Yvelines,385227,359558,399653,211709,127429,1483576,197998,178419,196623,97961,52490,723491,187229,181139,203030,113748,74939,760085,11,Île-de-France,0,
2024,79,Deux-Sèvres,82704,74609,98402,73571,45604,374890,42895,38562,48958,35391,18909,184715,39809,36047,49444,38180,26695,190175,75,Nouvelle-Aquitaine,0,
2024,80,Somme,129101,133597,141270,101245,56443,561656,65948,66860,70138,47622,22322,272890,63153,66737,71132,53623,34121,288766,32,Hauts-de-France,0,
2024,81,Tarn,83798,77344,102997,80713,54782,399634,43165,39058,50216,38441,22577,193457,40633,38286,52781,42272,32205,206177,76,Occitanie,0,
2024,82,Tarn-et-Garonne,62972,53334,70529,49726,30474,267035,32337,26923,34853,23888,12766,130767,30635,26411,35676,25838,17708,136268,76,Occitanie,0,
2024,83,Var,224330,227754,284589,229696,160419,1126788,116509,114418,138327,106777,66369,542400,107821,113336,146262,122919,94050,584388,93,Provence-Alpes-Côte d'Azur,0,
2024,84,Vaucluse,129581,119349,146303,108291,68541,572065,66838,58731,70961,50076,28140,274746,62743,60618,75342,58215,40401,297319,93,Provence-Alpes-Côte d'Azur,0,
2024,85,Vendée,155019,137115,183190,151702,90641,717667,80580,70139,91622,72171,37928,352440,74439,66976,91568,79531,52713,365227,52,Pays de la Loire,0,
2024,86,Vienne,98842,101015,107999,79990,49845,437691,50521,50361,52821,38319,20370,212392,48321,50654,55178,41671,29475,225299,75,Nouvelle-Aquitaine,0,
2024,87,Haute-Vienne,76663,80105,92466,74113,48500,371847,39187,39612,45334,34749,19435,178317,37476,40493,47132,39364,29065,193530,75,Nouvelle-Aquitaine,0,
2024,88,Vosges,73368,70543,91037,75772,43730,354450,37990,36424,45421,36197,17319,173351,35378,34119,45616,39575,26411,181099,44,Grand Est,0,
2024,89,Yonne,73065,63715,85861,68382,40822,331845,37631,32646,42761,32524,16591,162153,35434,31069,43100,35858,24231,169692,27,Bourgogne-Franche-Comté,0,
2024,90,Territoire de Belfort,32685,32504,35745,24086,13967,138987,17083,17302,17852,11177,5640,69054,15602,15202,17893,12909,8327,69933,27,Bourgogne-Franche-Comté,0,
2024,91,Essonne,354189,348064,345831,184494,104914,1337492,182094,174457,171115,87439,42526,657631,172095,173607,174716,97055,62388,679861,11,Île-de-France,0,
2024,92,Hauts-de-Seine,387677,472804,444784,220027,133322,1658614,197995,230376,213969,98133,52075,792548,189682,242428,230815,121894,81247,866066,11,Île-de-France,0,
2024,93,Seine-Saint-Denis,469545,486973,433782,214590,97268,1702158,241533,241222,217290,102568,41881,844494,228012,245751,216492,112022,55387,857664,11,Île-de-France,0,
2024,94,Val-de-Marne,345407,403621,367509,196894,110930,1424361,175958,196536,179024,91311,43237,686066,169449,207085,188485,105583,67693,738295,11,Île-de-France,0,
2024,95,Val-d'Oise,354240,336471,331141,174754,85975,1282581,182293,164398,162776,80906,35270,625643,171947,172073,168365,93848,50705,656938,11,Île-de-France,0,
2024,971,Guadeloupe,85715,71580,104432,81226,38956,381909,44008,31904,44805,37908,15966,174591,41707,39676,59627,43318,22990,207318,971,DROM,1,Guadeloupe
2024,972,Martinique,74066,66659,96790,80684,39391,357590,37837,29411,42584,36928,16110,162870,36229,37248,54206,43756,23281,194720,972,DROM,1,Martinique
2024,973,Guyane,117307,78063,64535,24488,7381,291774,59264,35761,30840,12161,3214,141240,58043,42302,33695,12327,4167,150534,973,DROM,1,Guyane
2024,974,La Réunion,254202,204818,240419,139688,52975,892102,128525,94244,113229,66602,21882,424482,125677,110574,127190,73086,31093,467620,974,DROM,1,La Réunion
2024,976,Mayotte,172162,85192,49137,10895,2896,320282,85135,35779,24674,5684,1379,152651,87027,49413,24463,5211,1517,167631,976,DROM,1,Mayotte
2025,01,Ain,173034,156038,184123,111711,63720,688626,89086,78442,91452,53872,26977,339829,83948,77596,92671,57839,36743,348797,84,Auvergne-Rhône-Alpes,0,
2025,02,Aisne,123458,112227,130715,97558,54859,518817,63558,57042,65021,46312,21914,253847,59900,55185,65694,51246,32945,264970,32,Hauts-de-France,0,
2025,03,Allier,65881,62661,82386,71959,49712,332599,34080,32202,40590,33987,19888,160747,31801,30459,41796,37972,29824,171852,84,Auvergne-Rhône-Alpes,0,
2025,04,Alpes-de-Haute-Provence,34183,31414,43188,36750,24271,169806,17514,15932,21006,17643,10254,82349,16669,15482,22182,19107,14017,87457,93,Provence-Alpes-Côte d'Azur,0,
2025,05,Hautes-Alpes,27276,27328,36512,31010,19880,142006,14134,13991,18133,14890,8247,69395,13142,13337,18379,16120,11633,72611,93,Provence-Alpes-Côte d'Azur,0,
2025,06,Alpes-Maritimes,230054,245408,290439,207632,156417,1129950,118599,119655,139686,95410,61954,535304,111455,125753,150753,112222,94463,594646,93,Provence-Alpes-Côte d'Azur,0,
2025,07,Ardèche,71405,62858,87124,71174,44386,336947,36648,31672,43123,34459,18810,164712,34757,31186,44001,36715,25576,172235,84,Auvergne-Rhône-Alpes,0,
2025,08,Ardennes,59273,55338,66609,52538,29436,263194,30665,28573,32883,25327,11971,129419,28608,26765,33726,27211,17465,133775,44,Grand Est,0,
2025,09,Ariège,31007,30260,40045,34242,21233,156787,15843,15699,19508,16568,9028,76646,15164,14561,20537,17674,12205,80141,76,Occitanie,0,
2025,10,Aube,73474,68854,76707,56139,35756,310930,38321,35327,37740,26303,14491,152182,35153,33527,38967,29836,21265,158748,44,Grand Est,0,
2025,11,Aude,76165,71821,96631,81744,53368,379729,39281,36112,46642,38659,22454,183148,36884,35709,49989,43085,30914,196581,76,Occitanie,0,
2025,12,Aveyron,54285,52563,71082,60164,40261,278355,27908,27901,35778,29723,16686,137996,26377,24662,35304,30441,23575,140359,76,Occitanie,0,
2025,13,Bouches-du-Rhône,465832,504395,530571,352446,236981,2090225,239144,246855,256910,163180,95584,1001673,226688,257540,273661,189266,141397,1088552,93,Provence-Alpes-Côte d'Azur,0,
2025,14,Calvados,157649,163264,173930,133911,82275,711029,81011,82016,85240,62184,32365,342816,76638,81248,88690,71727,49910,368213,28,Normandie,0,
2025,15,Cantal,26059,25943,36821,33587,21336,143746,13403,13514,18537,16668,8801,70923,12656,12429,18284,16919,12535,72823,84,Auvergne-Rhône-Alpes,0,
2025,16,Charente,70171,70240,88575,74539,46684,350209,36610,36264,43798,35357,19045,171074,33561,33976,44777,39182,27639,179135,75,Nouvelle-Aquitaine,0,
2025,17,Charente-Maritime,128878,127985,170140,153129,101534,681666,66284,65351,82312,71129,42322,327398,62594,62634,87828,82000,59212,354268,75,Nouvelle-Aquitaine,0,
2025,18,Cher,62080,58649,72990,61713,40398,295830,32417,30177,36003,29159,16485,144241,29663,28472,36987,32554,23913,151589,24,Centre-Val de Loire,0,
2025,19,Corrèze,45386,46250,59731,52240,35876,239483,23825,24348,29841,25019,14544,117577,21561,21902,29890,27221,21332,121906,75,Nouvelle-Aquitaine,0,
2025,2A,Corse-du-Sud,35975,35843,46264,33215,21422,172719,18163,17062,22842,15904,9053,83024,17812,18781,23422,17311,12369,89695,94,Corse,0,
2025,2B,Haute-Corse,35104,41646,49875,36970,23848,187443,18016,20797,24271,17880,10349,91313,17088,20849,25604,19090,13499,96130,94,Corse,0,
2025,21,Côte-d'Or,116381,134337,131954,94769,61358,538799,59871,67516,65067,44411,25026,261891,56510,66821,66887,50358,36332,276908,27,Bourgogne-Franche-Comté,0,
2025,22,Côtes-d'Armor,130695,114224,153901,132549,83932,615301,67277,58229,75883,62939,33895,298223,63418,55995,78018,69610,50037,317078,53,Bretagne,0,
2025,23,Creuse,20297,19368,28051,28025,18362,114103,10405,10119,14148,13660,7510,55842,9892,9249,13903,14365,10852,58261,75,Nouvelle-Aquitaine,0,
2025,24,Dordogne,76380,72562,105107,100192,63473,417714,39541,36645,50868,48065,26501,201620,36839,35917,54239,52127,36972,216094,75,Nouvelle-Aquitaine,0,
2025,25,Doubs,131078,133523,137482,90901,57862,550846,67187,67503,68606,42571,24174,270041,63891,66020,68876,48330,33688,280805,27,Bourgogne-Franche-Comté,0,
2025,26,Drôme,120142,110947,134167,97790,61363,524409,62200,55830,65386,46511,24980,254907,57942,55117,68781,51279,36383,269502,84,Auvergne-Rhône-Alpes,0,
2025,27,Eure,146715,128853,157133,109098,60143,601942,75306,65425,77559,51557,24302,294149,71409,63428,79574,57541,35841,307793,28,Normandie,0,
2025,28,Eure-et-Loir,105171,90247,113838,77719,46173,433148,54558,45284,56381,36806,18975,212004,50613,44963,57457,40913,27198,221144,24,Centre-Val de Loire,0,
2025,29,Finistère,196132,196864,238260,189163,115819,936238,100993,101253,118925,90780,45006,456957,95139,95611,119335,98383,70813,479281,53,Bretagne,0,
2025,30,Gard,170447,157460,197573,154841,95673,775994,88517,78834,95403,73427,39518,375699,81930,78626,102170,81414,56155,400295,76,Occitanie,0,
2025,31,Haute-Garonne,346324,428492,380935,217677,132963,1506391,176241,215110,188836,102828,53482,736497,170083,213382,192099,114849,79481,769894,76,Occitanie,0,
2025,32,Gers,37464,33413,50064,43574,28538,193053,19462,16935,24332,21297,12164,94190,18002,16478,25732,22277,16374,98863,76,Occitanie,0,
2025,33,Gironde,378981,438766,449341,277150,174416,1718654,191686,215989,219522,127495,69901,824593,187295,222777,229819,149655,104515,894061,75,Nouvelle-Aquitaine,0,
2025,34,Hérault,271903,306174,307361,219502,147964,1252904,138793,148460,148236,100818,60866,597173,133110,157714,159125,118684,87098,655731,76,Occitanie,0,
2025,35,Ille-et-Vilaine,272684,292261,286866,174579,108501,1134891,139219,146213,143456,82597,43516,555001,133465,146048,143410,91982,64985,579890,53,Bretagne,0,
2025,36,Indre,41393,38911,53029,47663,32362,213358,21332,19571,26139,22911,13211,103164,20061,19340,26890,24752,19151,110194,24,Centre-Val de Loire,0,
2025,37,Indre-et-Loire,137532,145701,153533,109975,73945,620686,70041,71792,75033,51444,30151,298461,67491,73909,78500,58531,43794,322225,24,Centre-Val de Loire,0,
2025,38,Isère,314748,314092,336751,214167,129049,1308807,161275,159562,166646,102217,53700,643400,153473,154530,170105,111950,75349,665407,84,Auvergne-Rhône-Alpes,0,
2025,39,Jura,55176,52046,66384,50696,32675,256977,28443,26752,32883,24541,13590,126209,26733,25294,33501,26155,19085,130768,27,Bourgogne-Franche-Comté,0,
2025,40,Landes,87271,82600,117551,94137,59204,440763,44989,41730,57842,44869,24600,214030,42282,40870,59709,49268,34604,226733,75,Nouvelle-Aquitaine,0,
2025,41,Loir-et-Cher,70115,63803,82922,66254,44357,327451,36272,32143,40984,31239,18436,159074,33843,31660,41938,35015,25921,168377,24,Centre-Val de Loire,0,
2025,42,Loire,183235,171271,191250,135450,95384,776590,94622,86016,95158,63643,38474,377913,88613,85255,96092,71807,56910,398677,84,Auvergne-Rhône-Alpes,0,
2025,43,Haute-Loire,48454,44124,58588,47547,29246,227959,25259,22733,29270,23321,11920,112503,23195,21391,29318,24226,17326,115456,84,Auvergne-Rhône-Alpes,0,
2025,44,Loire-Atlantique,358983,380434,387246,237526,146724,1510913,184833,193156,192424,110918,58085,739416,174150,187278,194822,126608,88639,771497,52,Pays de la Loire,0,
2025,45,Loiret,167776,157116,174064,118123,73927,691006,86762,79422,85267,55851,30482,337784,81014,77694,88797,62272,43445,353222,24,Centre-Val de Loire,0,
2025,46,Lot,31101,29577,43697,43342,28715,176432,16155,15116,21338,20865,12306,85780,14946,14461,22359,22477,16409,90652,76,Occitanie,0,
2025,47,Lot-et-Garonne,69227,63789,82026,69564,47766,332372,35694,31838,40124,32993,20072,160721,33533,31951,41902,36571,27694,171651,75,Nouvelle-Aquitaine,0,
2025,48,Lozère,15446,14380,19721,16473,10432,76452,7949,7483,10031,8290,4526,38279,7497,6897,9690,8183,5906,38173,76,Occitanie,0,
2025,49,Maine-et-Loire,202747,195077,207776,140144,89620,835364,103541,97179,103151,66442,35750,406063,99206,97898,104625,73702,53870,429301,52,Pays de la Loire,0,
2025,50,Manche,103240,98795,123039,104609,66516,496199,53324,50962,61307,50704,26620,242917,49916,47833,61732,53905,39896,253282,28,Normandie,0,
2025,51,Marne,127013,136481,138700,97206,59343,558743,64390,67853,68366,44844,23540,268993,62623,68628,70334,52362,35803,289750,44,Grand Est,0,
2025,52,Haute-Marne,33811,34446,40449,35533,22808,167047,17406,18316,20309,17105,9342,82478,16405,16130,20140,18428,13466,84569,44,Grand Est,0,
2025,53,Mayenne,71121,63274,76183,56117,36550,303245,36581,32846,38444,27304,14936,150111,34540,30428,37739,28813,21614,153134,52,Pays de la Loire,0,
2025,54,Meurthe-et-Moselle,164435,183940,182107,125283,73593,729358,84593,92324,90214,58487,29070,354688,79842,91616,91893,66796,44523,374670,44,Grand Est,0,
2025,55,Meuse,37564,35638,44795,37499,21528,177024,19594,18850,22371,18362,8861,88038,17970,16788,22424,19137,12667,88986,44,Grand Est,0,
2025,56,Morbihan,163199,151599,200447,170203,104017,789465,84825,78122,98696,80186,42277,384106,78374,73477,101751,90017,61740,405359,53,Bretagne,0,
2025,57,Moselle,227311,246664,274118,198091,104771,1050955,116785,125964,136610,93268,42177,514804,110526,120700,137508,104823,62594,536151,44,Grand Est,0,
2025,58,Nièvre,37583,36174,48150,46514,31245,199666,19193,18500,23869,22216,12502,96280,18390,17674,24281,24298,18743,103386,27,Bourgogne-Franche-Comté,0,
2025,59,Nord,645003,670131,650965,416987,232419,2615505,330131,331729,320842,192111,88336,1263149,314872,338402,330123,224876,144083,1352356,32,Hauts-de-France,0,
2025,60,Oise,211617,191164,219338,135049,72415,829583,108333,95425,108981,64289,29790,406818,103284,95739,110357,70760,42625,422765,32,Hauts-de-France,0,
2025,61,Orne,56741,51341,66630,58764,38420,271896,29784,26463,33137,28438,15455,133277,26957,24878,33493,30326,22965,138619,28,Normandie,0,
2025,62,Pas-de-Calais,351220,328003,368986,262192,139905,1450306,180672,164435,183181,122917,52951,704156,170548,163568,185805,139275,86954,746150,32,Hauts-de-France,0,
2025,63,Puy-de-Dôme,143335,156095,167488,120089,77061,664068,72965,78756,83531,56423,30967,322642,70370,77339,83957,63666,46094,341426,84,Auvergne-Rhône-Alpes,0,
2025,64,Pyrénées-Atlantiques,141545,149949,185399,141985,94604,713482,73631,74917,90188,66571,37311,342618,67914,75032,95211,75414,57293,370864,75,Nouvelle-Aquitaine,0,
2025,65,Hautes-Pyrénées,44637,46351,58720,49548,33292,232548,23357,23825,28622,23399,13558,112761,21280,22526,30098,26149,19734,119787,76,Occitanie,0,
2025,66,Pyrénées-Orientales,106097,97304,125716,104471,70278,503866,54628,47763,59921,48838,28815,239965,51469,49541,65795,55633,41463,263901,76,Occitanie,0,
2025,67,Bas-Rhin,256557,297073,301384,203386,110269,1168669,130995,147022,148178,97045,45699,568939,125562,150051,153206,106341,64570,599730,44,Grand Est,0,
2025,68,Haut-Rhin,166570,170245,204645,144080,80287,765827,86230,86650,101488,69402,33414,377184,80340,83595,103157,74678,46873,388643,44,Grand Est,0,
2025,69,Rhône,465079,545417,473314,265929,182859,1932598,237323,267053,232300,123394,73258,933328,227756,278364,241014,142535,109601,999270,84,Auvergne-Rhône-Alpes,0,
2025,70,Haute-Saône,50049,45028,60666,47879,28310,231932,25994,23007,30398,23078,11877,114354,24055,22021,30268,24801,16433,117578,27,Bourgogne-Franche-Comté,0,
2025,71,Saône-et-Loire,112486,103907,137086,115256,76575,545310,58604,53474,67920,55358,31101,266457,53882,50433,69166,59898,45474,278853,27,Bourgogne-Franche-Comté,0,
2025,72,Sarthe,130560,121451,141211,105017,65921,564160,67390,61174,70210,50000,26943,275717,63170,60277,71001,55017,38978,288443,52,Pays de la Loire,0,
2025,73,Savoie,99745,102320,119213,81970,49911,453159,51704,52415,59511,39135,20198,222963,48041,49905,59702,42835,29713,230196,84,Auvergne-Rhône-Alpes,0,
2025,74,Haute-Savoie,206421,216760,238425,131821,77161,870588,106438,109482,118863,62468,31792,429043,99983,107278,119562,69353,45369,441545,84,Auvergne-Rhône-Alpes,0,
2025,75,Paris,353562,699920,501185,295785,198020,2048472,177269,328995,245357,134193,77932,963746,176293,370925,255828,161592,120088,1084726,11,Île-de-France,0,
2025,76,Seine-Maritime,294570,301554,307636,222535,133951,1260246,150689,150738,150322,102604,52617,606970,143881,150816,157314,119931,81334,653276,28,Normandie,0,
2025,77,Seine-et-Marne,390328,374698,389200,213261,112128,1479615,199843,183806,190235,100894,46464,721242,190485,190892,198965,112367,65664,758373,11,Île-de-France,0,
2025,78,Yvelines,384309,361772,399198,213190,130894,1489363,197536,179812,196419,98849,54104,726720,186773,181960,202779,114341,76790,762643,11,Île-de-France,0,
2025,79,Deux-Sèvres,81437,74751,97670,73680,46777,374315,42144,38987,48513,35598,19466,184708,39293,35764,49157,38082,27311,189607,75,Nouvelle-Aquitaine,0,
2025,80,Somme,127421,132977,140028,100635,58661,559722,65119,66624,69430,47402,23407,271982,62302,66353,70598,53233,35254,287740,32,Hauts-de-France,0,
2025,81,Tarn,83345,77719,102443,81020,56756,401283,42918,39441,49928,38600,23602,194489,40427,38278,52515,42420,33154,206794,76,Occitanie,0,
2025,82,Tarn-et-Garonne,62612,53510,70386,49882,31403,267793,32054,27142,34744,23925,13267,131132,30558,26368,35642,25957,18136,136661,76,Occitanie,0,
2025,83,Var,223995,228554,284680,231756,166932,1135917,116399,114985,138666,107764,69344,547158,107596,113569,146014,123992,97588,588759,93,Provence-Alpes-Côte d'Azur,0,
2025,84,Vaucluse,128377,119288,145569,109268,71181,573683,66192,58899,70527,50595,29324,275537,62185,60389,75042,58673,41857,298146,93,Provence-Alpes-Côte d'Azur,0,
2025,85,Vendée,153747,138094,183622,152408,95166,723037,79910,70969,91810,72496,40179,355364,73837,67125,91812,79912,54987,367673,52,Pays de la Loire,0,
2025,86,Vienne,97913,101089,107306,79898,50945,437151,50064,50573,52446,38252,21046,212381,47849,50516,54860,41646,29899,224770,75,Nouvelle-Aquitaine,0,
2025,87,Haute-Vienne,75863,80383,91522,73640,49889,371297,38737,39960,44835,34547,20086,178165,37126,40423,46687,39093,29803,193132,75,Nouvelle-Aquitaine,0,
2025,88,Vosges,72173,69966,89605,75276,45284,352304,37386,36251,44607,36072,18128,172444,34787,33715,44998,39204,27156,179860,44,Grand Est,0,
2025,89,Yonne,72190,63430,85304,67864,42343,331131,37115,32594,42522,32351,17303,161885,35075,30836,42782,35513,25040,169246,27,Bourgogne-Franche-Comté,0,
2025,90,Territoire de Belfort,32515,32109,35431,24049,14315,138419,17047,17032,17757,11146,5837,68819,15468,15077,17674,12903,8478,69600,27,Bourgogne-Franche-Comté,0,
2025,91,Essonne,353331,350215,345124,186412,108445,1343527,181764,176081,170572,88716,44024,661157,171567,174134,174552,97696,64421,682370,11,Île-de-France,0,
2025,92,Hauts-de-Seine,383237,475705,445642,222338,137052,1663974,195892,232175,214357,99470,53704,795598,187345,243530,231285,122868,83348,868376,11,Île-de-France,0,
2025,93,Seine-Saint-Denis,465965,491963,434652,217756,101540,1711876,240134,244900,217032,104243,44109,850418,225831,247063,217620,113513,57431,861458,11,Île-de-France,0,
2025,94,Val-de-Marne,341250,406382,365920,198356,114525,1426433,173798,198415,178145,92222,44941,687521,167452,207967,187775,106134,69584,738912,11,Île-de-France,0,
2025,95,Val-d'Oise,352532,337570,331714,176212,89561,1287589,181791,165365,162874,81539,37155,628724,170741,172205,168840,94673,52406,658865,11,Île-de-France,0,
2025,971,Guadeloupe,83373,70921,102118,83206,40769,380387,42964,31508,43721,38837,16847,173877,40409,39413,58397,44369,23922,206510,971,DROM,1,Guadeloupe
2025,972,Martinique,72161,65830,94373,82513,40582,355459,36890,29032,41470,37691,16701,161784,35271,36798,52903,44822,23881,193675,972,DROM,1,Martinique
2025,973,Guyane,116013,77825,65357,25301,7858,292354,58631,35562,31074,12534,3457,141258,57382,42263,34283,12767,4401,151096,973,DROM,1,Guyane
2025,974,La Réunion,251287,203538,239316,146347,55687,896175,127220,93448,112401,69907,23230,426206,124067,110090,126915,76440,32457,469969,974,DROM,1,La Réunion
2025,976,Mayotte,176995,87586,50515,11201,2985,329282,87525,36786,25362,5851,1419,156943,89470,50800,25153,5350,1566,172339,976,DROM,1,Mayotte
