YEAR,REGION,AGE_GROUP,AGE_GROUP_INSEE,GENDER,PATH_CATEGORY_NAME,NB_ETUDIANTS,NB_INSCRITS_TOUS_GENRES,POPULATION_INSEE,NB_DEPARTMENTS,TOTAL_ETU_REGION,TOTAL_INSEE_REGION,PCT_FEMMES_ETU,PCT_FEMMES_INSEE,GAP_FEMMES_PCT
2025,Auvergne-Rhône-Alpes,20-24 ans,20-39 ans,F,Data,3,13,2942547,1,89,51985701,25.84,47.23,-21.39
2025,Auvergne-Rhône-Alpes,20-24 ans,20-39 ans,M,Data,9,13,2963031,1,89,51985701,25.84,47.23,-21.39
2025,Auvergne-Rhône-Alpes,25-29 ans,20-39 ans,F,Data,5,23,2942547,1,89,51985701,25.84,47.23,-21.39
2025,Auvergne-Rhône-Alpes,25-29 ans,20-39 ans,M,Data,18,23,2963031,1,89,51985701,25.84,47.23,-21.39
2025,Auvergne-Rhône-Alpes,30-34 ans,20-39 ans,F,Data,4,22,2942547,1,89,51985701,25.84,47.23,-21.39
2025,Auvergne-Rhône-Alpes,30-34 ans,20-39 ans,M,Data,16,22,2963031,1,89,51985701,25.84,47.23,-21.39
2025,Auvergne-Rhône-Alpes,35-39 ans,20-39 ans,F,Data,4,10,2942547,1,89,51985701,25.84,47.23,-21.39
2025,Auvergne-Rhône-Alpes,35-39 ans,20-39 ans,M,Data,6,10,2963031,1,89,51985701,25.84,47.23,-21.39
2025,Auvergne-Rhône-Alpes,40-44 ans,40-59 ans,F,Data,2,14,3195849,1,89,51985701,25.84,47.23,-21.39
2025,Auvergne-Rhône-Alpes,40-44 ans,40-59 ans,M,Data,11,14,3133101,1,89,51985701,25.84,47.23,-21.39
2025,Auvergne-Rhône-Alpes,45-49 ans,40-59 ans,F,Data,1,3,3195849,1,89,51985701,25.84,47.23,-21.39
2025,Auvergne-Rhône-Alpes,45-49 ans,40-59 ans,M,Data,2,3,3133101,1,89,51985701,25.84,47.23,-21.39
2025,Auvergne-Rhône-Alpes,50-54 ans,40-59 ans,F,Data,2,3,3195849,1,89,51985701,25.84,47.23,-21.39
2025,Auvergne-Rhône-Alpes,50-54 ans,40-59 ans,M,Data,1,3,3133101,1,89,51985701,25.84,47.23,-21.39
2025,Auvergne-Rhône-Alpes,55-59 ans,40-59 ans,F,Data,2,3,3195849,1,89,51985701,25.84,47.23,-21.39
2025,Auvergne-Rhône-Alpes,55-59 ans,40-59 ans,M,Data,1,3,3133101,1,89,51985701,25.84,47.23,-21.39
2025,Auvergne-Rhône-Alpes,60 ans ou plus,60+ ans,M,Data,2,2,3047589,1,89,51985701,25.84,47.23,-21.39
2025,Bourgogne-Franche-Comté,20-24 ans,20-39 ans,M,Data,4,4,937450,1,19,9660969,31.58,39.09,-7.51
2025,Bourgogne-Franche-Comté,25-29 ans,20-39 ans,F,Data,1,3,898658,1,19,9660969,31.58,39.09,-7.51
2025,Bourgogne-Franche-Comté,25-29 ans,20-39 ans,M,Data,2,3,937450,1,19,9660969,31.58,39.09,-7.51
2025,Bourgogne-Franche-Comté,30-34 ans,20-39 ans,F,Data,2,6,898658,1,19,9660969,31.58,39.09,-7.51
2025,Bourgogne-Franche-Comté,30-34 ans,20-39 ans,M,Data,4,6,937450,1,19,9660969,31.58,39.09,-7.51
2025,Bourgogne-Franche-Comté,35-39 ans,20-39 ans,F,Data,2,3,898658,1,19,9660969,31.58,39.09,-7.51
2025,Bourgogne-Franche-Comté,35-39 ans,20-39 ans,M,Data,1,3,937450,1,19,9660969,31.58,39.09,-7.51
2025,Bourgogne-Franche-Comté,45-49 ans,40-59 ans,F,Data,1,2,1080445,1,19,9660969,31.58,39.09,-7.51
2025,Bourgogne-Franche-Comté,45-49 ans,40-59 ans,M,Data,1,2,1067375,1,19,9660969,31.58,39.09,-7.51
2025,Bourgogne-Franche-Comté,55-59 ans,40-59 ans,M,Data,1,1,1067375,1,19,9660969,31.58,39.09,-7.51
2025,Bretagne,20-24 ans,20-39 ans,M,Data,3,3,1151451,1,29,14099622,31.03,39.44,-8.41
2025,Bretagne,25-29 ans,20-39 ans,M,Data,3,3,1151451,1,29,14099622,31.03,39.44,-8.41
2025,Bretagne,30-34 ans,20-39 ans,F,Data,4,8,1113393,1,29,14099622,31.03,39.44,-8.41
2025,Bretagne,30-34 ans,20-39 ans,M,Data,4,8,1151451,1,29,14099622,31.03,39.44,-8.41
2025,Bretagne,35-39 ans,20-39 ans,M,Data,4,4,1151451,1,29,14099622,31.03,39.44,-8.41
2025,Bretagne,40-44 ans,40-59 ans,F,Data,1,5,1327542,1,29,14099622,31.03,39.44,-8.41
2025,Bretagne,40-44 ans,40-59 ans,M,Data,4,5,1310880,1,29,14099622,31.03,39.44,-8.41
2025,Bretagne,45-49 ans,40-59 ans,F,Data,3,3,1327542,1,29,14099622,31.03,39.44,-8.41
2025,Bretagne,50-54 ans,40-59 ans,M,Data,1,1,1310880,1,29,14099622,31.03,39.44,-8.41
2025,Bretagne,55-59 ans,40-59 ans,M,Data,1,1,1310880,1,29,14099622,31.03,39.44,-8.41
2025,Bretagne,60 ans ou plus,60+ ans,F,Data,1,2,1792701,1,29,14099622,31.03,39.44,-8.41
2025,Centre-Val-de-Loire,25-29 ans,20-39 ans,F,Data,3,9,828114,1,35,11908677,34.29,45.84,-11.56
2025,Centre-Val-de-Loire,25-29 ans,20-39 ans,M,Data,6,9,835167,1,35,11908677,34.29,45.84,-11.56
2025,Centre-Val-de-Loire,30-34 ans,20-39 ans,F,Data,3,5,828114,1,35,11908677,34.29,45.84,-11.56
2025,Centre-Val-de-Loire,30-34 ans,20-39 ans,M,Data,2,5,835167,1,35,11908677,34.29,45.84,-11.56
2025,Centre-Val-de-Loire,35-39 ans,20-39 ans,F,Data,1,8,828114,1,35,11908677,34.29,45.84,-11.56
2025,Centre-Val-de-Loire,35-39 ans,20-39 ans,M,Data,7,8,835167,1,35,11908677,34.29,45.84,-11.56
2025,Centre-Val-de-Loire,40-44 ans,40-59 ans,F,Data,2,5,991707,1,35,11908677,34.29,45.84,-11.56
2025,Centre-Val-de-Loire,40-44 ans,40-59 ans,M,Data,3,5,959421,1,35,11908677,34.29,45.84,-11.56
2025,Centre-Val-de-Loire,45-49 ans,40-59 ans,F,Data,2,4,991707,1,35,11908677,34.29,45.84,-11.56
2025,Centre-Val-de-Loire,45-49 ans,40-59 ans,M,Data,2,4,959421,1,35,11908677,34.29,45.84,-11.56
2025,Centre-Val-de-Loire,50-54 ans,40-59 ans,F,Data,1,2,991707,1,35,11908677,34.29,45.84,-11.56
2025,Centre-Val-de-Loire,50-54 ans,40-59 ans,M,Data,1,2,959421,1,35,11908677,34.29,45.84,-11.56
2025,Centre-Val-de-Loire,60 ans ou plus,60+ ans,M,Data,2,2,1065450,1,35,11908677,34.29,45.84,-11.56
2025,DROM,25-29 ans,20-39 ans,M,Data,2,3,679008,5,14,6102528,21.43,43.00,-21.57
2025,DROM,30-34 ans,20-39 ans,F,Data,1,4,838092,5,14,6102528,21.43,43.00,-21.57
2025,DROM,30-34 ans,20-39 ans,M,Data,3,4,679008,5,14,6102528,21.43,43.00,-21.57
2025,DROM,35-39 ans,20-39 ans,M,Data,2,3,679008,5,14,6102528,21.43,43.00,-21.57
2025,DROM,40-44 ans,40-59 ans,F,Data,1,4,892953,5,14,6102528,21.43,43.00,-21.57
2025,DROM,40-44 ans,40-59 ans,M,Data,3,4,762084,5,14,6102528,21.43,43.00,-21.57
2025,DROM,45-49 ans,40-59 ans,F,Data,1,1,892953,5,14,6102528,21.43,43.00,-21.57
2025,DROM,60 ans ou plus,60+ ans,M,Data,1,1,679422,5,14,6102528,21.43,43.00,-21.57
2025,Grand Est,20-24 ans,20-39 ans,M,Data,3,4,1953074,1,47,28276254,27.66,42.83,-15.17
2025,Grand Est,25-29 ans,20-39 ans,F,Data,2,9,1908415,1,47,28276254,27.66,42.83,-15.17
2025,Grand Est,25-29 ans,20-39 ans,M,Data,7,9,1953074,1,47,28276254,27.66,42.83,-15.17
2025,Grand Est,30-34 ans,20-39 ans,F,Data,4,11,1908415,1,47,28276254,27.66,42.83,-15.17
2025,Grand Est,30-34 ans,20-39 ans,M,Data,6,11,1953074,1,47,28276254,27.66,42.83,-15.17
2025,Grand Est,35-39 ans,20-39 ans,F,Data,4,15,1908415,1,47,28276254,27.66,42.83,-15.17
2025,Grand Est,35-39 ans,20-39 ans,M,Data,10,15,1953074,1,47,28276254,27.66,42.83,-15.17
2025,Grand Est,40-44 ans,40-59 ans,F,Data,1,3,2128919,1,47,28276254,27.66,42.83,-15.17
2025,Grand Est,40-44 ans,40-59 ans,M,Data,2,3,2087989,1,47,28276254,27.66,42.83,-15.17
2025,Grand Est,45-49 ans,40-59 ans,M,Data,2,3,2087989,1,47,28276254,27.66,42.83,-15.17
2025,Grand Est,50-54 ans,40-59 ans,F,Data,1,6,2128919,1,47,28276254,27.66,42.83,-15.17
2025,Grand Est,50-54 ans,40-59 ans,M,Data,3,6,2087989,1,47,28276254,27.66,42.83,-15.17
2025,Grand Est,55-59 ans,40-59 ans,F,Data,1,3,2128919,1,47,28276254,27.66,42.83,-15.17
2025,Grand Est,55-59 ans,40-59 ans,M,Data,1,3,2087989,1,47,28276254,27.66,42.83,-15.17
2025,Hauts-de-France,20-24 ans,20-39 ans,F,Data,1,4,2157741,1,56,28516581,17.86,46.31,-28.45
2025,Hauts-de-France,20-24 ans,20-39 ans,M,Data,3,4,2145765,1,56,28516581,17.86,46.31,-28.45
2025,Hauts-de-France,25-29 ans,20-39 ans,F,Data,2,13,2157741,1,56,28516581,17.86,46.31,-28.45
2025,Hauts-de-France,25-29 ans,20-39 ans,M,Data,11,13,2145765,1,56,28516581,17.86,46.31,-28.45
2025,Hauts-de-France,30-34 ans,20-39 ans,F,Data,2,17,2157741,1,56,28516581,17.86,46.31,-28.45
2025,Hauts-de-France,30-34 ans,20-39 ans,M,Data,12,17,2145765,1,56,28516581,17.86,46.31,-28.45
2025,Hauts-de-France,35-39 ans,20-39 ans,F,Data,1,11,2157741,1,56,28516581,17.86,46.31,-28.45
2025,Hauts-de-France,35-39 ans,20-39 ans,M,Data,10,11,2145765,1,56,28516581,17.86,46.31,-28.45
2025,Hauts-de-France,40-44 ans,40-59 ans,F,Data,2,6,2287731,1,56,28516581,17.86,46.31,-28.45
2025,Hauts-de-France,40-44 ans,40-59 ans,M,Data,4,6,2242365,1,56,28516581,17.86,46.31,-28.45
2025,Hauts-de-France,45-49 ans,40-59 ans,M,Data,4,4,2242365,1,56,28516581,17.86,46.31,-28.45
2025,Hauts-de-France,50-54 ans,40-59 ans,M,Data,2,3,2242365,1,56,28516581,17.86,46.31,-28.45
2025,Hauts-de-France,55-59 ans,40-59 ans,F,Data,2,2,2287731,1,56,28516581,17.86,46.31,-28.45
2025,Normandie,25-29 ans,20-39 ans,M,Data,2,2,1126812,1,19,8350644,15.79,30.24,-14.45
2025,Normandie,30-34 ans,20-39 ans,M,Data,4,5,1126812,1,19,8350644,15.79,30.24,-14.45
2025,Normandie,35-39 ans,20-39 ans,M,Data,2,3,1126812,1,19,8350644,15.79,30.24,-14.45
2025,Normandie,40-44 ans,40-59 ans,M,Data,6,6,1222695,1,19,8350644,15.79,30.24,-14.45
2025,Normandie,50-54 ans,40-59 ans,F,Data,2,4,1262409,1,19,8350644,15.79,30.24,-14.45
2025,Normandie,50-54 ans,40-59 ans,M,Data,2,4,1222695,1,19,8350644,15.79,30.24,-14.45
2025,Normandie,55-59 ans,40-59 ans,F,Data,1,1,1262409,1,19,8350644,15.79,30.24,-14.45
2025,Nouvelle-Aquitaine,20-24 ans,20-39 ans,M,Data,6,6,2017098,1,46,28807020,30.43,39.39,-8.96
2025,Nouvelle-Aquitaine,25-29 ans,20-39 ans,M,Data,6,8,2017098,1,46,28807020,30.43,39.39,-8.96
2025,Nouvelle-Aquitaine,30-34 ans,20-39 ans,F,Data,5,12,1999511,1,46,28807020,30.43,39.39,-8.96
2025,Nouvelle-Aquitaine,30-34 ans,20-39 ans,M,Data,7,12,2017098,1,46,28807020,30.43,39.39,-8.96
2025,Nouvelle-Aquitaine,35-39 ans,20-39 ans,F,Data,2,8,1999511,1,46,28807020,30.43,39.39,-8.96
2025,Nouvelle-Aquitaine,35-39 ans,20-39 ans,M,Data,5,8,2017098,1,46,28807020,30.43,39.39,-8.96
2025,Nouvelle-Aquitaine,40-44 ans,40-59 ans,F,Data,4,5,2449678,1,46,28807020,30.43,39.39,-8.96
2025,Nouvelle-Aquitaine,40-44 ans,40-59 ans,M,Data,1,5,2347643,1,46,28807020,30.43,39.39,-8.96
2025,Nouvelle-Aquitaine,45-49 ans,40-59 ans,M,Data,3,4,2347643,1,46,28807020,30.43,39.39,-8.96
2025,Nouvelle-Aquitaine,50-54 ans,40-59 ans,F,Data,2,3,2449678,1,46,28807020,30.43,39.39,-8.96
2025,Nouvelle-Aquitaine,50-54 ans,40-59 ans,M,Data,1,3,2347643,1,46,28807020,30.43,39.39,-8.96
2025,Nouvelle-Aquitaine,55-59 ans,40-59 ans,F,Data,1,4,2449678,1,46,28807020,30.43,39.39,-8.96
2025,Nouvelle-Aquitaine,55-59 ans,40-59 ans,M,Data,3,4,2347643,1,46,28807020,30.43,39.39,-8.96
2025,Occitanie,20-24 ans,20-39 ans,F,Data,1,7,2081131,1,67,32849435,31.34,47.05,-15.71
2025,Occitanie,20-24 ans,20-39 ans,M,Data,6,7,2082528,1,67,32849435,31.34,47.05,-15.71
2025,Occitanie,25-29 ans,20-39 ans,F,Data,6,18,2081131,1,67,32849435,31.34,47.05,-15.71
2025,Occitanie,25-29 ans,20-39 ans,M,Data,12,18,2082528,1,67,32849435,31.34,47.05,-15.71
2025,Occitanie,30-34 ans,20-39 ans,F,Data,4,12,2081131,1,67,32849435,31.34,47.05,-15.71
2025,Occitanie,30-34 ans,20-39 ans,M,Data,7,12,2082528,1,67,32849435,31.34,47.05,-15.71
2025,Occitanie,35-39 ans,20-39 ans,F,Data,3,12,2081131,1,67,32849435,31.34,47.05,-15.71
2025,Occitanie,35-39 ans,20-39 ans,M,Data,9,12,2082528,1,67,32849435,31.34,47.05,-15.71
2025,Occitanie,40-44 ans,40-59 ans,F,Data,2,4,2377433,1,67,32849435,31.34,47.05,-15.71
2025,Occitanie,40-44 ans,40-59 ans,M,Data,2,4,2265625,1,67,32849435,31.34,47.05,-15.71
2025,Occitanie,45-49 ans,40-59 ans,F,Data,3,9,2377433,1,67,32849435,31.34,47.05,-15.71
2025,Occitanie,45-49 ans,40-59 ans,M,Data,5,9,2265625,1,67,32849435,31.34,47.05,-15.71
2025,Occitanie,50-54 ans,40-59 ans,F,Data,2,3,2377433,1,67,32849435,31.34,47.05,-15.71
2025,Occitanie,50-54 ans,40-59 ans,M,Data,1,3,2265625,1,67,32849435,31.34,47.05,-15.71
2025,Occitanie,55-59 ans,40-59 ans,M,Data,4,4,2265625,1,67,32849435,31.34,47.05,-15.71
2025,Pays de la Loire,20-24 ans,20-39 ans,M,Data,1,1,1365972,1,27,16915287,33.33,41.31,-7.97
2025,Pays de la Loire,25-29 ans,20-39 ans,F,Data,1,4,1329018,1,27,16915287,33.33,41.31,-7.97
2025,Pays de la Loire,25-29 ans,20-39 ans,M,Data,3,4,1365972,1,27,16915287,33.33,41.31,-7.97
2025,Pays de la Loire,30-34 ans,20-39 ans,F,Data,2,7,1329018,1,27,16915287,33.33,41.31,-7.97
2025,Pays de la Loire,30-34 ans,20-39 ans,M,Data,4,7,1365972,1,27,16915287,33.33,41.31,-7.97
2025,Pays de la Loire,35-39 ans,20-39 ans,F,Data,1,4,1329018,1,27,16915287,33.33,41.31,-7.97
2025,Pays de la Loire,35-39 ans,20-39 ans,M,Data,3,4,1365972,1,27,16915287,33.33,41.31,-7.97
2025,Pays de la Loire,40-44 ans,40-59 ans,M,Data,3,3,1488117,1,27,16915287,33.33,41.31,-7.97
2025,Pays de la Loire,45-49 ans,40-59 ans,F,Data,3,6,1499997,1,27,16915287,33.33,41.31,-7.97
2025,Pays de la Loire,45-49 ans,40-59 ans,M,Data,3,6,1488117,1,27,16915287,33.33,41.31,-7.97
2025,Pays de la Loire,50-54 ans,40-59 ans,M,Data,1,1,1488117,1,27,16915287,33.33,41.31,-7.97
2025,Pays de la Loire,55-59 ans,40-59 ans,F,Data,2,2,1499997,1,27,16915287,33.33,41.31,-7.97
2025,Provence-Alpes-Côte d'Azur,20-24 ans,20-39 ans,F,Data,2,6,1758210,1,79,29848152,32.91,51.14,-18.23
2025,Provence-Alpes-Côte d'Azur,20-24 ans,20-39 ans,M,Data,4,6,1710951,1,79,29848152,32.91,51.14,-18.23
2025,Provence-Alpes-Côte d'Azur,25-29 ans,20-39 ans,F,Data,3,14,1758210,1,79,29848152,32.91,51.14,-18.23
2025,Provence-Alpes-Côte d'Azur,25-29 ans,20-39 ans,M,Data,10,14,1710951,1,79,29848152,32.91,51.14,-18.23
2025,Provence-Alpes-Côte d'Azur,30-34 ans,20-39 ans,F,Data,9,23,1758210,1,79,29848152,32.91,51.14,-18.23
2025,Provence-Alpes-Côte d'Azur,30-34 ans,20-39 ans,M,Data,14,23,1710951,1,79,29848152,32.91,51.14,-18.23
2025,Provence-Alpes-Côte d'Azur,35-39 ans,20-39 ans,F,Data,2,15,1758210,1,79,29848152,32.91,51.14,-18.23
2025,Provence-Alpes-Côte d'Azur,35-39 ans,20-39 ans,M,Data,11,15,1710951,1,79,29848152,32.91,51.14,-18.23
2025,Provence-Alpes-Côte d'Azur,40-44 ans,40-59 ans,F,Data,5,10,2058093,1,79,29848152,32.91,51.14,-18.23
2025,Provence-Alpes-Côte d'Azur,40-44 ans,40-59 ans,M,Data,5,10,1934784,1,79,29848152,32.91,51.14,-18.23
2025,Provence-Alpes-Côte d'Azur,45-49 ans,40-59 ans,F,Data,2,8,2058093,1,79,29848152,32.91,51.14,-18.23
2025,Provence-Alpes-Côte d'Azur,45-49 ans,40-59 ans,M,Data,5,8,1934784,1,79,29848152,32.91,51.14,-18.23
2025,Provence-Alpes-Côte d'Azur,50-54 ans,40-59 ans,F,Data,2,5,2058093,1,79,29848152,32.91,51.14,-18.23
2025,Provence-Alpes-Côte d'Azur,50-54 ans,40-59 ans,M,Data,3,5,1934784,1,79,29848152,32.91,51.14,-18.23
2025,Provence-Alpes-Côte d'Azur,55-59 ans,40-59 ans,F,Data,1,2,2058093,1,79,29848152,32.91,51.14,-18.23
2025,Provence-Alpes-Côte d'Azur,55-59 ans,40-59 ans,M,Data,1,2,1934784,1,79,29848152,32.91,51.14,-18.23
2025,Île-de-France,20-24 ans,20-39 ans,F,Data,6,33,5366028,1,360,84137997,39.44,48.87,-9.42
2025,Île-de-France,20-24 ans,20-39 ans,M,Data,27,33,5128647,1,360,84137997,39.44,48.87,-9.42
2025,Île-de-France,25-29 ans,20-39 ans,F,Data,34,93,5366028,1,360,84137997,39.44,48.87,-9.42
2025,Île-de-France,25-29 ans,20-39 ans,M,Data,51,93,5128647,1,360,84137997,39.44,48.87,-9.42
2025,Île-de-France,30-34 ans,20-39 ans,F,Data,33,90,5366028,1,360,84137997,39.44,48.87,-9.42
2025,Île-de-France,30-34 ans,20-39 ans,M,Data,50,90,5128647,1,360,84137997,39.44,48.87,-9.42
2025,Île-de-France,35-39 ans,20-39 ans,F,Data,35,81,5366028,1,360,84137997,39.44,48.87,-9.42
2025,Île-de-France,35-39 ans,20-39 ans,M,Data,38,81,5128647,1,360,84137997,39.44,48.87,-9.42
2025,Île-de-France,40-44 ans,40-59 ans,F,Data,17,32,4912932,1,360,84137997,39.44,48.87,-9.42
2025,Île-de-France,40-44 ans,40-59 ans,M,Data,14,32,4724973,1,360,84137997,39.44,48.87,-9.42
2025,Île-de-France,45-49 ans,40-59 ans,F,Data,10,33,4912932,1,360,84137997,39.44,48.87,-9.42
2025,Île-de-France,45-49 ans,40-59 ans,M,Data,20,33,4724973,1,360,84137997,39.44,48.87,-9.42
2025,Île-de-France,50-54 ans,40-59 ans,F,Data,6,20,4912932,1,360,84137997,39.44,48.87,-9.42
2025,Île-de-France,50-54 ans,40-59 ans,M,Data,10,20,4724973,1,360,84137997,39.44,48.87,-9.42
2025,Île-de-France,55-59 ans,40-59 ans,F,Data,1,6,4912932,1,360,84137997,39.44,48.87,-9.42
2025,Île-de-France,55-59 ans,40-59 ans,M,Data,5,6,4724973,1,360,84137997,39.44,48.87,-9.42
2025,Île-de-France,60 ans ou plus,60+ ans,M,Data,3,3,3607677,1,360,84137997,39.44,48.87,-9.42
2024,Auvergne-Rhône-Alpes,20-24 ans,20-39 ans,F,Data,1,9,2935455,1,81,42323805,18.52,42.85,-24.33
2024,Auvergne-Rhône-Alpes,20-24 ans,20-39 ans,M,Data,7,9,2945004,1,81,42323805,18.52,42.85,-24.33
2024,Auvergne-Rhône-Alpes,25-29 ans,20-39 ans,F,Data,9,30,2935455,1,81,42323805,18.52,42.85,-24.33
2024,Auvergne-Rhône-Alpes,25-29 ans,20-39 ans,M,Data,21,30,2945004,1,81,42323805,18.52,42.85,-24.33
2024,Auvergne-Rhône-Alpes,30-34 ans,20-39 ans,F,Data,1,13,2935455,1,81,42323805,18.52,42.85,-24.33
2024,Auvergne-Rhône-Alpes,30-34 ans,20-39 ans,M,Data,12,13,2945004,1,81,42323805,18.52,42.85,-24.33
2024,Auvergne-Rhône-Alpes,35-39 ans,20-39 ans,F,Data,2,10,2935455,1,81,42323805,18.52,42.85,-24.33
2024,Auvergne-Rhône-Alpes,35-39 ans,20-39 ans,M,Data,7,10,2945004,1,81,42323805,18.52,42.85,-24.33
2024,Auvergne-Rhône-Alpes,40-44 ans,40-59 ans,F,Data,1,11,3197604,1,81,42323805,18.52,42.85,-24.33
2024,Auvergne-Rhône-Alpes,40-44 ans,40-59 ans,M,Data,8,11,3138837,1,81,42323805,18.52,42.85,-24.33
2024,Auvergne-Rhône-Alpes,45-49 ans,40-59 ans,F,Data,1,8,3197604,1,81,42323805,18.52,42.85,-24.33
2024,Auvergne-Rhône-Alpes,45-49 ans,40-59 ans,M,Data,7,8,3138837,1,81,42323805,18.52,42.85,-24.33
2024,Auvergne-Rhône-Alpes,50-54 ans,40-59 ans,M,Data,2,3,3138837,1,81,42323805,18.52,42.85,-24.33
2024,Auvergne-Rhône-Alpes,60 ans ou plus,60+ ans,M,Data,2,2,2990250,1,81,42323805,18.52,42.85,-24.33
2024,Bourgogne-Franche-Comté,20-24 ans,20-39 ans,M,Data,4,4,936631,1,15,5911396,6.67,18.43,-11.77
2024,Bourgogne-Franche-Comté,25-29 ans,20-39 ans,M,Data,3,3,936631,1,15,5911396,6.67,18.43,-11.77
2024,Bourgogne-Franche-Comté,30-34 ans,20-39 ans,M,Data,4,4,936631,1,15,5911396,6.67,18.43,-11.77
2024,Bourgogne-Franche-Comté,35-39 ans,20-39 ans,M,Data,2,2,936631,1,15,5911396,6.67,18.43,-11.77
2024,Bourgogne-Franche-Comté,40-44 ans,40-59 ans,F,Data,1,2,1089631,1,15,5911396,6.67,18.43,-11.77
2024,Bourgogne-Franche-Comté,40-44 ans,40-59 ans,M,Data,1,2,1075241,1,15,5911396,6.67,18.43,-11.77
2024,Bretagne,20-24 ans,20-39 ans,F,Data,1,4,1107516,1,27,14271189,33.33,40.35,-7.02
2024,Bretagne,20-24 ans,20-39 ans,M,Data,3,4,1141845,1,27,14271189,33.33,40.35,-7.02
2024,Bretagne,25-29 ans,20-39 ans,F,Data,2,6,1107516,1,27,14271189,33.33,40.35,-7.02
2024,Bretagne,25-29 ans,20-39 ans,M,Data,3,6,1141845,1,27,14271189,33.33,40.35,-7.02
2024,Bretagne,30-34 ans,20-39 ans,F,Data,3,8,1107516,1,27,14271189,33.33,40.35,-7.02
2024,Bretagne,30-34 ans,20-39 ans,M,Data,4,8,1141845,1,27,14271189,33.33,40.35,-7.02
2024,Bretagne,35-39 ans,20-39 ans,F,Data,1,4,1107516,1,27,14271189,33.33,40.35,-7.02
2024,Bretagne,35-39 ans,20-39 ans,M,Data,2,4,1141845,1,27,14271189,33.33,40.35,-7.02
2024,Bretagne,40-44 ans,40-59 ans,M,Data,4,4,1315107,1,27,14271189,33.33,40.35,-7.02
2024,Bretagne,45-49 ans,40-59 ans,F,Data,2,3,1328424,1,27,14271189,33.33,40.35,-7.02
2024,Bretagne,45-49 ans,40-59 ans,M,Data,1,3,1315107,1,27,14271189,33.33,40.35,-7.02
2024,Bretagne,55-59 ans,40-59 ans,M,Data,1,1,1315107,1,27,14271189,33.33,40.35,-7.02
2024,Centre-Val-de-Loire,20-24 ans,20-39 ans,M,Data,2,2,830802,1,25,9845556,12.00,26.97,-14.97
2024,Centre-Val-de-Loire,25-29 ans,20-39 ans,F,Data,1,6,828855,1,25,9845556,12.00,26.97,-14.97
2024,Centre-Val-de-Loire,25-29 ans,20-39 ans,M,Data,5,6,830802,1,25,9845556,12.00,26.97,-14.97
2024,Centre-Val-de-Loire,30-34 ans,20-39 ans,M,Data,3,4,830802,1,25,9845556,12.00,26.97,-14.97
2024,Centre-Val-de-Loire,35-39 ans,20-39 ans,F,Data,1,7,828855,1,25,9845556,12.00,26.97,-14.97
2024,Centre-Val-de-Loire,35-39 ans,20-39 ans,M,Data,6,7,830802,1,25,9845556,12.00,26.97,-14.97
2024,Centre-Val-de-Loire,40-44 ans,40-59 ans,F,Data,1,4,997422,1,25,9845556,12.00,26.97,-14.97
2024,Centre-Val-de-Loire,40-44 ans,40-59 ans,M,Data,3,4,966804,1,25,9845556,12.00,26.97,-14.97
2024,Centre-Val-de-Loire,45-49 ans,40-59 ans,M,Data,1,1,966804,1,25,9845556,12.00,26.97,-14.97
2024,Centre-Val-de-Loire,50-54 ans,40-59 ans,M,Data,1,1,966804,1,25,9845556,12.00,26.97,-14.97
2024,Centre-Val-de-Loire,55-59 ans,40-59 ans,M,Data,1,1,966804,1,25,9845556,12.00,26.97,-14.97
2024,DROM,25-29 ans,20-39 ans,M,Data,1,1,681297,5,9,5532111,33.33,47.59,-14.26
2024,DROM,30-34 ans,20-39 ans,F,Data,1,3,837639,5,9,5532111,33.33,47.59,-14.26
2024,DROM,30-34 ans,20-39 ans,M,Data,2,3,681297,5,9,5532111,33.33,47.59,-14.26
2024,DROM,40-44 ans,40-59 ans,F,Data,1,2,897543,5,9,5532111,33.33,47.59,-14.26
2024,DROM,40-44 ans,40-59 ans,M,Data,1,2,768396,5,9,5532111,33.33,47.59,-14.26
2024,DROM,45-49 ans,40-59 ans,F,Data,1,3,897543,5,9,5532111,33.33,47.59,-14.26
2024,DROM,45-49 ans,40-59 ans,M,Data,2,3,768396,5,9,5532111,33.33,47.59,-14.26
2024,Grand Est,20-24 ans,20-39 ans,F,Data,1,5,1913512,1,50,26036676,14.00,37.63,-23.63
2024,Grand Est,20-24 ans,20-39 ans,M,Data,4,5,1954517,1,50,26036676,14.00,37.63,-23.63
2024,Grand Est,25-29 ans,20-39 ans,F,Data,2,12,1913512,1,50,26036676,14.00,37.63,-23.63
2024,Grand Est,25-29 ans,20-39 ans,M,Data,10,12,1954517,1,50,26036676,14.00,37.63,-23.63
2024,Grand Est,30-34 ans,20-39 ans,F,Data,2,10,1913512,1,50,26036676,14.00,37.63,-23.63
2024,Grand Est,30-34 ans,20-39 ans,M,Data,7,10,1954517,1,50,26036676,14.00,37.63,-23.63
2024,Grand Est,35-39 ans,20-39 ans,F,Data,1,15,1913512,1,50,26036676,14.00,37.63,-23.63
2024,Grand Est,35-39 ans,20-39 ans,M,Data,11,15,1954517,1,50,26036676,14.00,37.63,-23.63
2024,Grand Est,40-44 ans,40-59 ans,M,Data,3,3,2104945,1,50,26036676,14.00,37.63,-23.63
2024,Grand Est,45-49 ans,40-59 ans,M,Data,6,9,2104945,1,50,26036676,14.00,37.63,-23.63
2024,Grand Est,50-54 ans,40-59 ans,F,Data,1,3,2144780,1,50,26036676,14.00,37.63,-23.63
2024,Grand Est,50-54 ans,40-59 ans,M,Data,1,3,2104945,1,50,26036676,14.00,37.63,-23.63
2024,Grand Est,55-59 ans,40-59 ans,M,Data,1,1,2104945,1,50,26036676,14.00,37.63,-23.63
2024,Hauts-de-France,20-24 ans,20-39 ans,M,Data,8,8,2151765,1,51,24122985,9.80,26.95,-17.15
2024,Hauts-de-France,25-29 ans,20-39 ans,F,Data,1,14,2167143,1,51,24122985,9.80,26.95,-17.15
2024,Hauts-de-France,25-29 ans,20-39 ans,M,Data,12,14,2151765,1,51,24122985,9.80,26.95,-17.15
2024,Hauts-de-France,30-34 ans,20-39 ans,F,Data,2,10,2167143,1,51,24122985,9.80,26.95,-17.15
2024,Hauts-de-France,30-34 ans,20-39 ans,M,Data,6,10,2151765,1,51,24122985,9.80,26.95,-17.15
2024,Hauts-de-France,35-39 ans,20-39 ans,F,Data,2,11,2167143,1,51,24122985,9.80,26.95,-17.15
2024,Hauts-de-France,35-39 ans,20-39 ans,M,Data,7,11,2151765,1,51,24122985,9.80,26.95,-17.15
2024,Hauts-de-France,40-44 ans,40-59 ans,M,Data,2,2,2253624,1,51,24122985,9.80,26.95,-17.15
2024,Hauts-de-France,45-49 ans,40-59 ans,M,Data,5,6,2253624,1,51,24122985,9.80,26.95,-17.15
2024,Hauts-de-France,50-54 ans,40-59 ans,M,Data,3,4,2253624,1,51,24122985,9.80,26.95,-17.15
2024,Hauts-de-France,55-59 ans,40-59 ans,M,Data,3,3,2253624,1,51,24122985,9.80,26.95,-17.15
2024,Normandie,20-24 ans,20-39 ans,M,Data,3,3,1122846,1,20,12977316,35.00,46.42,-11.42
2024,Normandie,25-29 ans,20-39 ans,M,Data,2,2,1122846,1,20,12977316,35.00,46.42,-11.42
2024,Normandie,30-34 ans,20-39 ans,F,Data,1,5,1108098,1,20,12977316,35.00,46.42,-11.42
2024,Normandie,30-34 ans,20-39 ans,M,Data,3,5,1122846,1,20,12977316,35.00,46.42,-11.42
2024,Normandie,35-39 ans,20-39 ans,F,Data,3,7,1108098,1,20,12977316,35.00,46.42,-11.42
2024,Normandie,35-39 ans,20-39 ans,M,Data,2,7,1122846,1,20,12977316,35.00,46.42,-11.42
2024,Normandie,40-44 ans,40-59 ans,F,Data,1,3,1269342,1,20,12977316,35.00,46.42,-11.42
2024,Normandie,40-44 ans,40-59 ans,M,Data,2,3,1230855,1,20,12977316,35.00,46.42,-11.42
2024,Normandie,45-49 ans,40-59 ans,F,Data,1,2,1269342,1,20,12977316,35.00,46.42,-11.42
2024,Normandie,50-54 ans,40-59 ans,F,Data,1,2,1269342,1,20,12977316,35.00,46.42,-11.42
2024,Normandie,50-54 ans,40-59 ans,M,Data,1,2,1230855,1,20,12977316,35.00,46.42,-11.42
2024,Nouvelle-Aquitaine,20-24 ans,20-39 ans,F,Data,2,5,1992938,1,62,32758165,30.65,46.82,-16.17
2024,Nouvelle-Aquitaine,20-24 ans,20-39 ans,M,Data,3,5,2001520,1,62,32758165,30.65,46.82,-16.17
2024,Nouvelle-Aquitaine,25-29 ans,20-39 ans,F,Data,3,16,1992938,1,62,32758165,30.65,46.82,-16.17
2024,Nouvelle-Aquitaine,25-29 ans,20-39 ans,M,Data,13,16,2001520,1,62,32758165,30.65,46.82,-16.17
2024,Nouvelle-Aquitaine,30-34 ans,20-39 ans,F,Data,3,14,1992938,1,62,32758165,30.65,46.82,-16.17
2024,Nouvelle-Aquitaine,30-34 ans,20-39 ans,M,Data,11,14,2001520,1,62,32758165,30.65,46.82,-16.17
2024,Nouvelle-Aquitaine,35-39 ans,20-39 ans,F,Data,4,11,1992938,1,62,32758165,30.65,46.82,-16.17
2024,Nouvelle-Aquitaine,35-39 ans,20-39 ans,M,Data,5,11,2001520,1,62,32758165,30.65,46.82,-16.17
2024,Nouvelle-Aquitaine,40-44 ans,40-59 ans,F,Data,4,7,2455123,1,62,32758165,30.65,46.82,-16.17
2024,Nouvelle-Aquitaine,40-44 ans,40-59 ans,M,Data,3,7,2353741,1,62,32758165,30.65,46.82,-16.17
2024,Nouvelle-Aquitaine,45-49 ans,40-59 ans,M,Data,2,3,2353741,1,62,32758165,30.65,46.82,-16.17
2024,Nouvelle-Aquitaine,50-54 ans,40-59 ans,F,Data,2,7,2455123,1,62,32758165,30.65,46.82,-16.17
2024,Nouvelle-Aquitaine,50-54 ans,40-59 ans,M,Data,5,7,2353741,1,62,32758165,30.65,46.82,-16.17
2024,Nouvelle-Aquitaine,55-59 ans,40-59 ans,F,Data,1,2,2455123,1,62,32758165,30.65,46.82,-16.17
2024,Nouvelle-Aquitaine,55-59 ans,40-59 ans,M,Data,1,2,2353741,1,62,32758165,30.65,46.82,-16.17
2024,Occitanie,20-24 ans,20-39 ans,M,Data,3,3,2060366,1,50,28273523,30.00,38.75,-8.75
2024,Occitanie,25-29 ans,20-39 ans,F,Data,2,12,2067151,1,50,28273523,30.00,38.75,-8.75
2024,Occitanie,25-29 ans,20-39 ans,M,Data,7,12,2060366,1,50,28273523,30.00,38.75,-8.75
2024,Occitanie,30-34 ans,20-39 ans,F,Data,6,18,2067151,1,50,28273523,30.00,38.75,-8.75
2024,Occitanie,30-34 ans,20-39 ans,M,Data,11,18,2060366,1,50,28273523,30.00,38.75,-8.75
2024,Occitanie,35-39 ans,20-39 ans,F,Data,3,9,2067151,1,50,28273523,30.00,38.75,-8.75
2024,Occitanie,35-39 ans,20-39 ans,M,Data,5,9,2060366,1,50,28273523,30.00,38.75,-8.75
2024,Occitanie,40-44 ans,40-59 ans,F,Data,3,8,2377619,1,50,28273523,30.00,38.75,-8.75
2024,Occitanie,40-44 ans,40-59 ans,M,Data,4,8,2268842,1,50,28273523,30.00,38.75,-8.75
2024,Occitanie,45-49 ans,40-59 ans,M,Data,2,2,2268842,1,50,28273523,30.00,38.75,-8.75
2024,Occitanie,50-54 ans,40-59 ans,F,Data,1,3,2377619,1,50,28273523,30.00,38.75,-8.75
2024,Occitanie,50-54 ans,40-59 ans,M,Data,2,3,2268842,1,50,28273523,30.00,38.75,-8.75
2024,Occitanie,55-59 ans,40-59 ans,M,Data,1,1,2268842,1,50,28273523,30.00,38.75,-8.75
2024,Pays de la Loire,20-24 ans,20-39 ans,M,Data,1,1,1351857,1,22,17009793,40.91,41.98,-1.07
2024,Pays de la Loire,25-29 ans,20-39 ans,F,Data,1,8,1322715,1,22,17009793,40.91,41.98,-1.07
2024,Pays de la Loire,25-29 ans,20-39 ans,M,Data,4,8,1351857,1,22,17009793,40.91,41.98,-1.07
2024,Pays de la Loire,30-34 ans,20-39 ans,F,Data,4,8,1322715,1,22,17009793,40.91,41.98,-1.07
2024,Pays de la Loire,30-34 ans,20-39 ans,M,Data,3,8,1351857,1,22,17009793,40.91,41.98,-1.07
2024,Pays de la Loire,35-39 ans,20-39 ans,M,Data,1,2,1351857,1,22,17009793,40.91,41.98,-1.07
2024,Pays de la Loire,40-44 ans,40-59 ans,F,Data,2,4,1498308,1,22,17009793,40.91,41.98,-1.07
2024,Pays de la Loire,40-44 ans,40-59 ans,M,Data,2,4,1487337,1,22,17009793,40.91,41.98,-1.07
2024,Pays de la Loire,45-49 ans,40-59 ans,M,Data,1,1,1487337,1,22,17009793,40.91,41.98,-1.07
2024,Pays de la Loire,50-54 ans,40-59 ans,F,Data,1,1,1498308,1,22,17009793,40.91,41.98,-1.07
2024,Pays de la Loire,55-59 ans,40-59 ans,F,Data,1,2,1498308,1,22,17009793,40.91,41.98,-1.07
2024,Pays de la Loire,55-59 ans,40-59 ans,M,Data,1,2,1487337,1,22,17009793,40.91,41.98,-1.07
2024,Provence-Alpes-Côte d'Azur,25-29 ans,20-39 ans,F,Data,7,11,1753263,1,46,26394444,32.61,51.24,-18.63
2024,Provence-Alpes-Côte d'Azur,25-29 ans,20-39 ans,M,Data,3,11,1703865,1,46,26394444,32.61,51.24,-18.63
2024,Provence-Alpes-Côte d'Azur,30-34 ans,20-39 ans,F,Data,1,11,1753263,1,46,26394444,32.61,51.24,-18.63
2024,Provence-Alpes-Côte d'Azur,30-34 ans,20-39 ans,M,Data,9,11,1703865,1,46,26394444,32.61,51.24,-18.63
2024,Provence-Alpes-Côte d'Azur,35-39 ans,20-39 ans,F,Data,1,12,1753263,1,46,26394444,32.61,51.24,-18.63
2024,Provence-Alpes-Côte d'Azur,35-39 ans,20-39 ans,M,Data,9,12,1703865,1,46,26394444,32.61,51.24,-18.63
2024,Provence-Alpes-Côte d'Azur,40-44 ans,40-59 ans,F,Data,2,4,2066304,1,46,26394444,32.61,51.24,-18.63
2024,Provence-Alpes-Côte d'Azur,40-44 ans,40-59 ans,M,Data,2,4,1939461,1,46,26394444,32.61,51.24,-18.63
2024,Provence-Alpes-Côte d'Azur,45-49 ans,40-59 ans,F,Data,2,5,2066304,1,46,26394444,32.61,51.24,-18.63
2024,Provence-Alpes-Côte d'Azur,45-49 ans,40-59 ans,M,Data,3,5,1939461,1,46,26394444,32.61,51.24,-18.63
2024,Provence-Alpes-Côte d'Azur,50-54 ans,40-59 ans,F,Data,1,4,2066304,1,46,26394444,32.61,51.24,-18.63
2024,Provence-Alpes-Côte d'Azur,50-54 ans,40-59 ans,M,Data,3,4,1939461,1,46,26394444,32.61,51.24,-18.63
2024,Provence-Alpes-Côte d'Azur,55-59 ans,40-59 ans,F,Data,1,3,2066304,1,46,26394444,32.61,51.24,-18.63
2024,Provence-Alpes-Côte d'Azur,55-59 ans,40-59 ans,M,Data,2,3,1939461,1,46,26394444,32.61,51.24,-18.63
2024,Île-de-France,20-24 ans,20-39 ans,F,Data,4,16,5355147,1,306,84011133,35.62,48.94,-13.32
2024,Île-de-France,20-24 ans,20-39 ans,M,Data,12,16,5098404,1,306,84011133,35.62,48.94,-13.32
2024,Île-de-France,25-29 ans,20-39 ans,F,Data,33,92,5355147,1,306,84011133,35.62,48.94,-13.32
2024,Île-de-France,25-29 ans,20-39 ans,M,Data,57,92,5098404,1,306,84011133,35.62,48.94,-13.32
2024,Île-de-France,30-34 ans,20-39 ans,F,Data,30,79,5355147,1,306,84011133,35.62,48.94,-13.32
2024,Île-de-France,30-34 ans,20-39 ans,M,Data,39,79,5098404,1,306,84011133,35.62,48.94,-13.32
2024,Île-de-France,35-39 ans,20-39 ans,F,Data,21,67,5355147,1,306,84011133,35.62,48.94,-13.32
2024,Île-de-France,35-39 ans,20-39 ans,M,Data,35,67,5098404,1,306,84011133,35.62,48.94,-13.32
2024,Île-de-France,40-44 ans,40-59 ans,F,Data,8,41,4923237,1,306,84011133,35.62,48.94,-13.32
2024,Île-de-France,40-44 ans,40-59 ans,M,Data,25,41,4740630,1,306,84011133,35.62,48.94,-13.32
2024,Île-de-France,45-49 ans,40-59 ans,F,Data,10,27,4923237,1,306,84011133,35.62,48.94,-13.32
2024,Île-de-France,45-49 ans,40-59 ans,M,Data,16,27,4740630,1,306,84011133,35.62,48.94,-13.32
2024,Île-de-France,50-54 ans,40-59 ans,F,Data,2,15,4923237,1,306,84011133,35.62,48.94,-13.32
2024,Île-de-France,50-54 ans,40-59 ans,M,Data,10,15,4740630,1,306,84011133,35.62,48.94,-13.32
2024,Île-de-France,55-59 ans,40-59 ans,F,Data,1,7,4923237,1,306,84011133,35.62,48.94,-13.32
2024,Île-de-France,55-59 ans,40-59 ans,M,Data,2,7,4740630,1,306,84011133,35.62,48.94,-13.32
2024,Île-de-France,60 ans ou plus,60+ ans,M,Data,1,1,3541461,1,306,84011133,35.62,48.94,-13.32
2023,Auvergne-Rhône-Alpes,20-24 ans,20-39 ans,F,Data,1,3,2928450,1,54,38980194,27.78,38.26,-10.48
2023,Auvergne-Rhône-Alpes,20-24 ans,20-39 ans,M,Data,2,3,2924745,1,54,38980194,27.78,38.26,-10.48
2023,Auvergne-Rhône-Alpes,25-29 ans,20-39 ans,F,Data,2,16,2928450,1,54,38980194,27.78,38.26,-10.48
2023,Auvergne-Rhône-Alpes,25-29 ans,20-39 ans,M,Data,8,16,2924745,1,54,38980194,27.78,38.26,-10.48
2023,Auvergne-Rhône-Alpes,30-34 ans,20-39 ans,F,Data,6,23,2928450,1,54,38980194,27.78,38.26,-10.48
2023,Auvergne-Rhône-Alpes,30-34 ans,20-39 ans,M,Data,9,23,2924745,1,54,38980194,27.78,38.26,-10.48
2023,Auvergne-Rhône-Alpes,35-39 ans,20-39 ans,F,Data,4,14,2928450,1,54,38980194,27.78,38.26,-10.48
2023,Auvergne-Rhône-Alpes,35-39 ans,20-39 ans,M,Data,6,14,2924745,1,54,38980194,27.78,38.26,-10.48
2023,Auvergne-Rhône-Alpes,40-44 ans,40-59 ans,F,Data,2,16,3199350,1,54,38980194,27.78,38.26,-10.48
2023,Auvergne-Rhône-Alpes,40-44 ans,40-59 ans,M,Data,7,16,3144360,1,54,38980194,27.78,38.26,-10.48
2023,Auvergne-Rhône-Alpes,45-49 ans,40-59 ans,M,Data,5,7,3144360,1,54,38980194,27.78,38.26,-10.48
2023,Auvergne-Rhône-Alpes,50-54 ans,40-59 ans,M,Data,1,3,3144360,1,54,38980194,27.78,38.26,-10.48
2023,Auvergne-Rhône-Alpes,60 ans ou plus,60+ ans,M,Data,1,1,2934984,1,54,38980194,27.78,38.26,-10.48
2023,Bourgogne-Franche-Comté,25-29 ans,20-39 ans,M,Data,4,4,935599,1,15,8059386,20.00,24.82,-4.82
2023,Bourgogne-Franche-Comté,30-34 ans,20-39 ans,F,Data,2,5,900817,1,15,8059386,20.00,24.82,-4.82
2023,Bourgogne-Franche-Comté,30-34 ans,20-39 ans,M,Data,2,5,935599,1,15,8059386,20.00,24.82,-4.82
2023,Bourgogne-Franche-Comté,35-39 ans,20-39 ans,M,Data,2,2,935599,1,15,8059386,20.00,24.82,-4.82
2023,Bourgogne-Franche-Comté,40-44 ans,40-59 ans,M,Data,1,1,1084059,1,15,8059386,20.00,24.82,-4.82
2023,Bourgogne-Franche-Comté,45-49 ans,40-59 ans,F,Data,1,2,1099595,1,15,8059386,20.00,24.82,-4.82
2023,Bourgogne-Franche-Comté,45-49 ans,40-59 ans,M,Data,1,2,1084059,1,15,8059386,20.00,24.82,-4.82
2023,Bourgogne-Franche-Comté,55-59 ans,40-59 ans,M,Data,2,2,1084059,1,15,8059386,20.00,24.82,-4.82
2023,Bretagne,25-29 ans,20-39 ans,M,Data,4,10,1132680,1,13,11064201,30.77,31.89,-1.12
2023,Bretagne,30-34 ans,20-39 ans,F,Data,2,7,1098948,1,13,11064201,30.77,31.89,-1.12
2023,Bretagne,30-34 ans,20-39 ans,M,Data,1,7,1132680,1,13,11064201,30.77,31.89,-1.12
2023,Bretagne,35-39 ans,20-39 ans,F,Data,1,4,1098948,1,13,11064201,30.77,31.89,-1.12
2023,Bretagne,40-44 ans,40-59 ans,M,Data,1,5,1317546,1,13,11064201,30.77,31.89,-1.12
2023,Bretagne,45-49 ans,40-59 ans,F,Data,1,3,1330761,1,13,11064201,30.77,31.89,-1.12
2023,Bretagne,45-49 ans,40-59 ans,M,Data,1,3,1317546,1,13,11064201,30.77,31.89,-1.12
2023,Bretagne,50-54 ans,40-59 ans,M,Data,1,3,1317546,1,13,11064201,30.77,31.89,-1.12
2023,Bretagne,55-59 ans,40-59 ans,M,Data,1,1,1317546,1,13,11064201,30.77,31.89,-1.12
2023,Centre-Val-de-Loire,20-24 ans,20-39 ans,M,Data,2,2,828057,1,19,9762864,21.05,25.46,-4.41
2023,Centre-Val-de-Loire,25-29 ans,20-39 ans,F,Data,1,8,828660,1,19,9762864,21.05,25.46,-4.41
2023,Centre-Val-de-Loire,25-29 ans,20-39 ans,M,Data,5,8,828057,1,19,9762864,21.05,25.46,-4.41
2023,Centre-Val-de-Loire,30-34 ans,20-39 ans,F,Data,2,6,828660,1,19,9762864,21.05,25.46,-4.41
2023,Centre-Val-de-Loire,30-34 ans,20-39 ans,M,Data,2,6,828057,1,19,9762864,21.05,25.46,-4.41
2023,Centre-Val-de-Loire,35-39 ans,20-39 ans,F,Data,1,2,828660,1,19,9762864,21.05,25.46,-4.41
2023,Centre-Val-de-Loire,35-39 ans,20-39 ans,M,Data,1,2,828057,1,19,9762864,21.05,25.46,-4.41
2023,Centre-Val-de-Loire,45-49 ans,40-59 ans,M,Data,2,3,974076,1,19,9762864,21.05,25.46,-4.41
2023,Centre-Val-de-Loire,50-54 ans,40-59 ans,M,Data,1,1,974076,1,19,9762864,21.05,25.46,-4.41
2023,Centre-Val-de-Loire,55-59 ans,40-59 ans,M,Data,1,1,974076,1,19,9762864,21.05,25.46,-4.41
2023,Centre-Val-de-Loire,60 ans ou plus,60+ ans,M,Data,1,1,1042428,1,19,9762864,21.05,25.46,-4.41
2023,DROM,35-39 ans,20-39 ans,F,Data,1,3,836787,5,5,4100505,60.00,64.44,-4.44
2023,DROM,35-39 ans,20-39 ans,M,Data,1,3,684198,5,5,4100505,60.00,64.44,-4.44
2023,DROM,40-44 ans,40-59 ans,F,Data,1,1,902811,5,5,4100505,60.00,64.44,-4.44
2023,DROM,45-49 ans,40-59 ans,F,Data,1,1,902811,5,5,4100505,60.00,64.44,-4.44
2023,DROM,50-54 ans,40-59 ans,M,Data,1,1,773898,5,5,4100505,60.00,64.44,-4.44
2023,Grand Est,20-24 ans,20-39 ans,M,Data,1,2,1953857,1,33,19941944,21.21,28.87,-7.66
2023,Grand Est,25-29 ans,20-39 ans,F,Data,4,14,1919291,1,33,19941944,21.21,28.87,-7.66
2023,Grand Est,25-29 ans,20-39 ans,M,Data,6,14,1953857,1,33,19941944,21.21,28.87,-7.66
2023,Grand Est,30-34 ans,20-39 ans,F,Data,1,15,1919291,1,33,19941944,21.21,28.87,-7.66
2023,Grand Est,30-34 ans,20-39 ans,M,Data,10,15,1953857,1,33,19941944,21.21,28.87,-7.66
2023,Grand Est,35-39 ans,20-39 ans,F,Data,2,7,1919291,1,33,19941944,21.21,28.87,-7.66
2023,Grand Est,35-39 ans,20-39 ans,M,Data,3,7,1953857,1,33,19941944,21.21,28.87,-7.66
2023,Grand Est,40-44 ans,40-59 ans,M,Data,4,5,2122881,1,33,19941944,21.21,28.87,-7.66
2023,Grand Est,50-54 ans,40-59 ans,M,Data,1,2,2122881,1,33,19941944,21.21,28.87,-7.66
2023,Grand Est,55-59 ans,40-59 ans,M,Data,1,2,2122881,1,33,19941944,21.21,28.87,-7.66
2023,Hauts-de-France,20-24 ans,20-39 ans,F,Data,1,4,2172168,1,50,35317200,36.00,44.25,-8.25
2023,Hauts-de-France,20-24 ans,20-39 ans,M,Data,2,4,2155761,1,50,35317200,36.00,44.25,-8.25
2023,Hauts-de-France,25-29 ans,20-39 ans,F,Data,4,12,2172168,1,50,35317200,36.00,44.25,-8.25
2023,Hauts-de-France,25-29 ans,20-39 ans,M,Data,6,12,2155761,1,50,35317200,36.00,44.25,-8.25
2023,Hauts-de-France,30-34 ans,20-39 ans,F,Data,5,19,2172168,1,50,35317200,36.00,44.25,-8.25
2023,Hauts-de-France,30-34 ans,20-39 ans,M,Data,9,19,2155761,1,50,35317200,36.00,44.25,-8.25
2023,Hauts-de-France,35-39 ans,20-39 ans,F,Data,3,14,2172168,1,50,35317200,36.00,44.25,-8.25
2023,Hauts-de-France,35-39 ans,20-39 ans,M,Data,5,14,2155761,1,50,35317200,36.00,44.25,-8.25
2023,Hauts-de-France,40-44 ans,40-59 ans,F,Data,2,7,2312748,1,50,35317200,36.00,44.25,-8.25
2023,Hauts-de-France,40-44 ans,40-59 ans,M,Data,4,7,2266596,1,50,35317200,36.00,44.25,-8.25
2023,Hauts-de-France,45-49 ans,40-59 ans,F,Data,1,4,2312748,1,50,35317200,36.00,44.25,-8.25
2023,Hauts-de-France,45-49 ans,40-59 ans,M,Data,2,4,2266596,1,50,35317200,36.00,44.25,-8.25
2023,Hauts-de-France,50-54 ans,40-59 ans,F,Data,2,7,2312748,1,50,35317200,36.00,44.25,-8.25
2023,Hauts-de-France,50-54 ans,40-59 ans,M,Data,2,7,2266596,1,50,35317200,36.00,44.25,-8.25
2023,Hauts-de-France,55-59 ans,40-59 ans,M,Data,1,1,2266596,1,50,35317200,36.00,44.25,-8.25
2023,Hauts-de-France,60 ans ou plus,60+ ans,M,Data,1,1,2000856,1,50,35317200,36.00,44.25,-8.25
2023,Normandie,20-24 ans,20-39 ans,F,Data,1,1,1109709,1,23,14243085,39.13,50.29,-11.16
2023,Normandie,25-29 ans,20-39 ans,M,Data,6,6,1119255,1,23,14243085,39.13,50.29,-11.16
2023,Normandie,30-34 ans,20-39 ans,F,Data,2,7,1109709,1,23,14243085,39.13,50.29,-11.16
2023,Normandie,30-34 ans,20-39 ans,M,Data,2,7,1119255,1,23,14243085,39.13,50.29,-11.16
2023,Normandie,35-39 ans,20-39 ans,F,Data,2,7,1109709,1,23,14243085,39.13,50.29,-11.16
2023,Normandie,35-39 ans,20-39 ans,M,Data,1,7,1119255,1,23,14243085,39.13,50.29,-11.16
2023,Normandie,40-44 ans,40-59 ans,F,Data,1,4,1278108,1,23,14243085,39.13,50.29,-11.16
2023,Normandie,40-44 ans,40-59 ans,M,Data,2,4,1240623,1,23,14243085,39.13,50.29,-11.16
2023,Normandie,45-49 ans,40-59 ans,F,Data,2,4,1278108,1,23,14243085,39.13,50.29,-11.16
2023,Normandie,45-49 ans,40-59 ans,M,Data,1,4,1240623,1,23,14243085,39.13,50.29,-11.16
2023,Normandie,50-54 ans,40-59 ans,F,Data,1,4,1278108,1,23,14243085,39.13,50.29,-11.16
2023,Normandie,50-54 ans,40-59 ans,M,Data,2,4,1240623,1,23,14243085,39.13,50.29,-11.16
2023,Nouvelle-Aquitaine,20-24 ans,20-39 ans,M,Data,2,3,1987009,1,42,24017389,33.33,47.26,-13.93
2023,Nouvelle-Aquitaine,25-29 ans,20-39 ans,M,Data,10,13,1987009,1,42,24017389,33.33,47.26,-13.93
2023,Nouvelle-Aquitaine,30-34 ans,20-39 ans,F,Data,5,21,1985319,1,42,24017389,33.33,47.26,-13.93
2023,Nouvelle-Aquitaine,30-34 ans,20-39 ans,M,Data,9,21,1987009,1,42,24017389,33.33,47.26,-13.93
2023,Nouvelle-Aquitaine,35-39 ans,20-39 ans,F,Data,1,6,1985319,1,42,24017389,33.33,47.26,-13.93
2023,Nouvelle-Aquitaine,35-39 ans,20-39 ans,M,Data,2,6,1987009,1,42,24017389,33.33,47.26,-13.93
2023,Nouvelle-Aquitaine,40-44 ans,40-59 ans,F,Data,3,7,2460385,1,42,24017389,33.33,47.26,-13.93
2023,Nouvelle-Aquitaine,40-44 ans,40-59 ans,M,Data,1,7,2358780,1,42,24017389,33.33,47.26,-13.93
2023,Nouvelle-Aquitaine,45-49 ans,40-59 ans,F,Data,3,8,2460385,1,42,24017389,33.33,47.26,-13.93
2023,Nouvelle-Aquitaine,45-49 ans,40-59 ans,M,Data,4,8,2358780,1,42,24017389,33.33,47.26,-13.93
2023,Nouvelle-Aquitaine,50-54 ans,40-59 ans,F,Data,2,5,2460385,1,42,24017389,33.33,47.26,-13.93
2023,Occitanie,20-24 ans,20-39 ans,M,Data,1,1,2040626,1,27,21889805,25.93,41.97,-16.04
2023,Occitanie,25-29 ans,20-39 ans,M,Data,3,11,2040626,1,27,21889805,25.93,41.97,-16.04
2023,Occitanie,30-34 ans,20-39 ans,F,Data,4,17,2052639,1,27,21889805,25.93,41.97,-16.04
2023,Occitanie,30-34 ans,20-39 ans,M,Data,7,17,2040626,1,27,21889805,25.93,41.97,-16.04
2023,Occitanie,35-39 ans,20-39 ans,M,Data,2,4,2040626,1,27,21889805,25.93,41.97,-16.04
2023,Occitanie,40-44 ans,40-59 ans,F,Data,1,8,2377808,1,27,21889805,25.93,41.97,-16.04
2023,Occitanie,40-44 ans,40-59 ans,M,Data,4,8,2270619,1,27,21889805,25.93,41.97,-16.04
2023,Occitanie,45-49 ans,40-59 ans,M,Data,3,3,2270619,1,27,21889805,25.93,41.97,-16.04
2023,Occitanie,50-54 ans,40-59 ans,F,Data,1,1,2377808,1,27,21889805,25.93,41.97,-16.04
2023,Occitanie,55-59 ans,40-59 ans,F,Data,1,2,2377808,1,27,21889805,25.93,41.97,-16.04
2023,Pays de la Loire,25-29 ans,20-39 ans,F,Data,1,7,1314792,1,25,15773913,20.00,46.31,-26.31
2023,Pays de la Loire,25-29 ans,20-39 ans,M,Data,3,7,1337523,1,25,15773913,20.00,46.31,-26.31
2023,Pays de la Loire,30-34 ans,20-39 ans,M,Data,8,11,1337523,1,25,15773913,20.00,46.31,-26.31
2023,Pays de la Loire,35-39 ans,20-39 ans,M,Data,3,9,1337523,1,25,15773913,20.00,46.31,-26.31
2023,Pays de la Loire,40-44 ans,40-59 ans,F,Data,1,2,1497681,1,25,15773913,20.00,46.31,-26.31
2023,Pays de la Loire,45-49 ans,40-59 ans,F,Data,1,5,1497681,1,25,15773913,20.00,46.31,-26.31
2023,Pays de la Loire,45-49 ans,40-59 ans,M,Data,3,5,1485276,1,25,15773913,20.00,46.31,-26.31
2023,Pays de la Loire,50-54 ans,40-59 ans,F,Data,1,3,1497681,1,25,15773913,20.00,46.31,-26.31
2023,Pays de la Loire,50-54 ans,40-59 ans,M,Data,2,3,1485276,1,25,15773913,20.00,46.31,-26.31
2023,Pays de la Loire,55-59 ans,40-59 ans,F,Data,1,2,1497681,1,25,15773913,20.00,46.31,-26.31
2023,Pays de la Loire,55-59 ans,40-59 ans,M,Data,1,2,1485276,1,25,15773913,20.00,46.31,-26.31
2023,Provence-Alpes-Côte d'Azur,20-24 ans,20-39 ans,M,Data,2,2,1696023,1,43,26039226,23.26,36.06,-12.81
2023,Provence-Alpes-Côte d'Azur,25-29 ans,20-39 ans,F,Data,2,14,1748502,1,43,26039226,23.26,36.06,-12.81
2023,Provence-Alpes-Côte d'Azur,25-29 ans,20-39 ans,M,Data,7,14,1696023,1,43,26039226,23.26,36.06,-12.81
2023,Provence-Alpes-Côte d'Azur,30-34 ans,20-39 ans,F,Data,4,22,1748502,1,43,26039226,23.26,36.06,-12.81
2023,Provence-Alpes-Côte d'Azur,30-34 ans,20-39 ans,M,Data,12,22,1696023,1,43,26039226,23.26,36.06,-12.81
2023,Provence-Alpes-Côte d'Azur,35-39 ans,20-39 ans,F,Data,1,8,1748502,1,43,26039226,23.26,36.06,-12.81
2023,Provence-Alpes-Côte d'Azur,35-39 ans,20-39 ans,M,Data,5,8,1696023,1,43,26039226,23.26,36.06,-12.81
2023,Provence-Alpes-Côte d'Azur,40-44 ans,40-59 ans,F,Data,2,7,2072715,1,43,26039226,23.26,36.06,-12.81
2023,Provence-Alpes-Côte d'Azur,40-44 ans,40-59 ans,M,Data,2,7,1943421,1,43,26039226,23.26,36.06,-12.81
2023,Provence-Alpes-Côte d'Azur,45-49 ans,40-59 ans,M,Data,2,3,1943421,1,43,26039226,23.26,36.06,-12.81
2023,Provence-Alpes-Côte d'Azur,50-54 ans,40-59 ans,F,Data,1,2,2072715,1,43,26039226,23.26,36.06,-12.81
2023,Provence-Alpes-Côte d'Azur,50-54 ans,40-59 ans,M,Data,1,2,1943421,1,43,26039226,23.26,36.06,-12.81
2023,Provence-Alpes-Côte d'Azur,55-59 ans,40-59 ans,M,Data,1,2,1943421,1,43,26039226,23.26,36.06,-12.81
2023,Provence-Alpes-Côte d'Azur,60 ans ou plus,60+ ans,M,Data,1,2,2090514,1,43,26039226,23.26,36.06,-12.81
2023,Île-de-France,20-24 ans,20-39 ans,F,Data,2,8,5343444,1,411,83896062,36.01,49.01,-13.00
2023,Île-de-France,20-24 ans,20-39 ans,M,Data,5,8,5072883,1,411,83896062,36.01,49.01,-13.00
2023,Île-de-France,25-29 ans,20-39 ans,F,Data,25,132,5343444,1,411,83896062,36.01,49.01,-13.00
2023,Île-de-France,25-29 ans,20-39 ans,M,Data,60,132,5072883,1,411,83896062,36.01,49.01,-13.00
2023,Île-de-France,30-34 ans,20-39 ans,F,Data,52,164,5343444,1,411,83896062,36.01,49.01,-13.00
2023,Île-de-France,30-34 ans,20-39 ans,M,Data,66,164,5072883,1,411,83896062,36.01,49.01,-13.00
2023,Île-de-France,35-39 ans,20-39 ans,F,Data,30,113,5343444,1,411,83896062,36.01,49.01,-13.00
2023,Île-de-France,35-39 ans,20-39 ans,M,Data,46,113,5072883,1,411,83896062,36.01,49.01,-13.00
2023,Île-de-France,40-44 ans,40-59 ans,F,Data,20,85,4935894,1,411,83896062,36.01,49.01,-13.00
2023,Île-de-France,40-44 ans,40-59 ans,M,Data,35,85,4752333,1,411,83896062,36.01,49.01,-13.00
2023,Île-de-France,45-49 ans,40-59 ans,F,Data,13,50,4935894,1,411,83896062,36.01,49.01,-13.00
2023,Île-de-France,45-49 ans,40-59 ans,M,Data,20,50,4752333,1,411,83896062,36.01,49.01,-13.00
2023,Île-de-France,50-54 ans,40-59 ans,F,Data,4,34,4935894,1,411,83896062,36.01,49.01,-13.00
2023,Île-de-France,50-54 ans,40-59 ans,M,Data,14,34,4752333,1,411,83896062,36.01,49.01,-13.00
2023,Île-de-France,55-59 ans,40-59 ans,F,Data,2,23,4935894,1,411,83896062,36.01,49.01,-13.00
2023,Île-de-France,55-59 ans,40-59 ans,M,Data,9,23,4752333,1,411,83896062,36.01,49.01,-13.00
2023,Île-de-France,60 ans ou plus,60+ ans,M,Data,8,13,3477846,1,411,83896062,36.01,49.01,-13.00
2022,Auvergne-Rhône-Alpes,20-24 ans,20-39 ans,M,Data,1,1,2913936,1,97,52219179,31.96,48.12,-16.16
2022,Auvergne-Rhône-Alpes,25-29 ans,20-39 ans,F,Data,4,23,2924031,1,97,52219179,31.96,48.12,-16.16
2022,Auvergne-Rhône-Alpes,25-29 ans,20-39 ans,M,Data,8,23,2913936,1,97,52219179,31.96,48.12,-16.16
2022,Auvergne-Rhône-Alpes,30-34 ans,20-39 ans,F,Data,9,47,2924031,1,97,52219179,31.96,48.12,-16.16
2022,Auvergne-Rhône-Alpes,30-34 ans,20-39 ans,M,Data,15,47,2913936,1,97,52219179,31.96,48.12,-16.16
2022,Auvergne-Rhône-Alpes,35-39 ans,20-39 ans,F,Data,6,34,2924031,1,97,52219179,31.96,48.12,-16.16
2022,Auvergne-Rhône-Alpes,35-39 ans,20-39 ans,M,Data,16,34,2913936,1,97,52219179,31.96,48.12,-16.16
2022,Auvergne-Rhône-Alpes,40-44 ans,40-59 ans,F,Data,5,26,3188310,1,97,52219179,31.96,48.12,-16.16
2022,Auvergne-Rhône-Alpes,40-44 ans,40-59 ans,M,Data,7,26,3135609,1,97,52219179,31.96,48.12,-16.16
2022,Auvergne-Rhône-Alpes,45-49 ans,40-59 ans,F,Data,3,19,3188310,1,97,52219179,31.96,48.12,-16.16
2022,Auvergne-Rhône-Alpes,45-49 ans,40-59 ans,M,Data,10,19,3135609,1,97,52219179,31.96,48.12,-16.16
2022,Auvergne-Rhône-Alpes,50-54 ans,40-59 ans,F,Data,2,11,3188310,1,97,52219179,31.96,48.12,-16.16
2022,Auvergne-Rhône-Alpes,50-54 ans,40-59 ans,M,Data,3,11,3135609,1,97,52219179,31.96,48.12,-16.16
2022,Auvergne-Rhône-Alpes,55-59 ans,40-59 ans,F,Data,1,6,3188310,1,97,52219179,31.96,48.12,-16.16
2022,Auvergne-Rhône-Alpes,55-59 ans,40-59 ans,M,Data,4,6,3135609,1,97,52219179,31.96,48.12,-16.16
2022,Auvergne-Rhône-Alpes,60 ans ou plus,60+ ans,F,Data,1,4,3603936,1,97,52219179,31.96,48.12,-16.16
2022,Auvergne-Rhône-Alpes,60 ans ou plus,60+ ans,M,Data,2,4,2891730,1,97,52219179,31.96,48.12,-16.16
2022,Bourgogne-Franche-Comté,25-29 ans,20-39 ans,F,Data,2,6,905795,1,20,7868322,25.00,48.57,-23.57
2022,Bourgogne-Franche-Comté,25-29 ans,20-39 ans,M,Data,4,6,935900,1,20,7868322,25.00,48.57,-23.57
2022,Bourgogne-Franche-Comté,30-34 ans,20-39 ans,F,Data,1,11,905795,1,20,7868322,25.00,48.57,-23.57
2022,Bourgogne-Franche-Comté,30-34 ans,20-39 ans,M,Data,6,11,935900,1,20,7868322,25.00,48.57,-23.57
2022,Bourgogne-Franche-Comté,35-39 ans,20-39 ans,F,Data,1,4,905795,1,20,7868322,25.00,48.57,-23.57
2022,Bourgogne-Franche-Comté,40-44 ans,40-59 ans,F,Data,1,1,1104643,1,20,7868322,25.00,48.57,-23.57
2022,Bourgogne-Franche-Comté,45-49 ans,40-59 ans,M,Data,2,2,1087247,1,20,7868322,25.00,48.57,-23.57
2022,Bourgogne-Franche-Comté,50-54 ans,40-59 ans,M,Data,3,3,1087247,1,20,7868322,25.00,48.57,-23.57
2022,Bretagne,20-24 ans,20-39 ans,M,Data,1,1,1127985,1,27,13113129,25.93,35.16,-9.24
2022,Bretagne,25-29 ans,20-39 ans,F,Data,1,6,1094502,1,27,13113129,25.93,35.16,-9.24
2022,Bretagne,25-29 ans,20-39 ans,M,Data,2,6,1127985,1,27,13113129,25.93,35.16,-9.24
2022,Bretagne,30-34 ans,20-39 ans,F,Data,4,14,1094502,1,27,13113129,25.93,35.16,-9.24
2022,Bretagne,30-34 ans,20-39 ans,M,Data,5,14,1127985,1,27,13113129,25.93,35.16,-9.24
2022,Bretagne,35-39 ans,20-39 ans,F,Data,1,7,1094502,1,27,13113129,25.93,35.16,-9.24
2022,Bretagne,35-39 ans,20-39 ans,M,Data,3,7,1127985,1,27,13113129,25.93,35.16,-9.24
2022,Bretagne,40-44 ans,40-59 ans,M,Data,4,7,1315503,1,27,13113129,25.93,35.16,-9.24
2022,Bretagne,45-49 ans,40-59 ans,F,Data,1,8,1327362,1,27,13113129,25.93,35.16,-9.24
2022,Bretagne,45-49 ans,40-59 ans,M,Data,4,8,1315503,1,27,13113129,25.93,35.16,-9.24
2022,Bretagne,60 ans ou plus,60+ ans,M,Data,1,2,1359315,1,27,13113129,25.93,35.16,-9.24
2022,Centre-Val-de-Loire,20-24 ans,20-39 ans,M,Data,2,2,827319,1,23,6093444,17.39,13.61,3.78
2022,Centre-Val-de-Loire,25-29 ans,20-39 ans,M,Data,1,3,827319,1,23,6093444,17.39,13.61,3.78
2022,Centre-Val-de-Loire,30-34 ans,20-39 ans,F,Data,4,12,829206,1,23,6093444,17.39,13.61,3.78
2022,Centre-Val-de-Loire,30-34 ans,20-39 ans,M,Data,3,12,827319,1,23,6093444,17.39,13.61,3.78
2022,Centre-Val-de-Loire,35-39 ans,20-39 ans,M,Data,7,12,827319,1,23,6093444,17.39,13.61,3.78
2022,Centre-Val-de-Loire,40-44 ans,40-59 ans,M,Data,5,5,977481,1,23,6093444,17.39,13.61,3.78
2022,Centre-Val-de-Loire,45-49 ans,40-59 ans,M,Data,1,1,977481,1,23,6093444,17.39,13.61,3.78
2022,DROM,30-34 ans,20-39 ans,M,Data,3,4,684387,5,12,5519730,25.00,32.82,-7.82
2022,DROM,35-39 ans,20-39 ans,M,Data,1,1,684387,5,12,5519730,25.00,32.82,-7.82
2022,DROM,40-44 ans,40-59 ans,F,Data,2,4,905766,5,12,5519730,25.00,32.82,-7.82
2022,DROM,40-44 ans,40-59 ans,M,Data,1,4,779808,5,12,5519730,25.00,32.82,-7.82
2022,DROM,45-49 ans,40-59 ans,F,Data,1,3,905766,5,12,5519730,25.00,32.82,-7.82
2022,DROM,45-49 ans,40-59 ans,M,Data,2,3,779808,5,12,5519730,25.00,32.82,-7.82
2022,DROM,50-54 ans,40-59 ans,M,Data,2,2,779808,5,12,5519730,25.00,32.82,-7.82
2022,Grand Est,20-24 ans,20-39 ans,M,Data,2,2,1959100,1,56,30711365,23.21,40.04,-16.82
2022,Grand Est,25-29 ans,20-39 ans,F,Data,2,15,1928395,1,56,30711365,23.21,40.04,-16.82
2022,Grand Est,25-29 ans,20-39 ans,M,Data,6,15,1959100,1,56,30711365,23.21,40.04,-16.82
2022,Grand Est,30-34 ans,20-39 ans,F,Data,4,25,1928395,1,56,30711365,23.21,40.04,-16.82
2022,Grand Est,30-34 ans,20-39 ans,M,Data,10,25,1959100,1,56,30711365,23.21,40.04,-16.82
2022,Grand Est,35-39 ans,20-39 ans,F,Data,3,22,1928395,1,56,30711365,23.21,40.04,-16.82
2022,Grand Est,35-39 ans,20-39 ans,M,Data,10,22,1959100,1,56,30711365,23.21,40.04,-16.82
2022,Grand Est,40-44 ans,40-59 ans,F,Data,2,16,2170211,1,56,30711365,23.21,40.04,-16.82
2022,Grand Est,40-44 ans,40-59 ans,M,Data,8,16,2132590,1,56,30711365,23.21,40.04,-16.82
2022,Grand Est,45-49 ans,40-59 ans,F,Data,1,5,2170211,1,56,30711365,23.21,40.04,-16.82
2022,Grand Est,45-49 ans,40-59 ans,M,Data,2,5,2132590,1,56,30711365,23.21,40.04,-16.82
2022,Grand Est,50-54 ans,40-59 ans,M,Data,1,3,2132590,1,56,30711365,23.21,40.04,-16.82
2022,Grand Est,55-59 ans,40-59 ans,F,Data,1,6,2170211,1,56,30711365,23.21,40.04,-16.82
2022,Grand Est,55-59 ans,40-59 ans,M,Data,3,6,2132590,1,56,30711365,23.21,40.04,-16.82
2022,Grand Est,60 ans ou plus,60+ ans,M,Data,1,1,2048787,1,56,30711365,23.21,40.04,-16.82
2022,Hauts-de-France,20-24 ans,20-39 ans,M,Data,1,2,2164461,1,71,30887118,36.62,36.19,0.43
2022,Hauts-de-France,25-29 ans,20-39 ans,F,Data,1,11,2182119,1,71,30887118,36.62,36.19,0.43
2022,Hauts-de-France,25-29 ans,20-39 ans,M,Data,2,11,2164461,1,71,30887118,36.62,36.19,0.43
2022,Hauts-de-France,30-34 ans,20-39 ans,F,Data,7,34,2182119,1,71,30887118,36.62,36.19,0.43
2022,Hauts-de-France,30-34 ans,20-39 ans,M,Data,17,34,2164461,1,71,30887118,36.62,36.19,0.43
2022,Hauts-de-France,35-39 ans,20-39 ans,F,Data,12,22,2182119,1,71,30887118,36.62,36.19,0.43
2022,Hauts-de-France,35-39 ans,20-39 ans,M,Data,5,22,2164461,1,71,30887118,36.62,36.19,0.43
2022,Hauts-de-France,40-44 ans,40-59 ans,F,Data,4,19,2316150,1,71,30887118,36.62,36.19,0.43
2022,Hauts-de-France,40-44 ans,40-59 ans,M,Data,7,19,2269038,1,71,30887118,36.62,36.19,0.43
2022,Hauts-de-France,45-49 ans,40-59 ans,M,Data,4,8,2269038,1,71,30887118,36.62,36.19,0.43
2022,Hauts-de-France,50-54 ans,40-59 ans,F,Data,2,12,2316150,1,71,30887118,36.62,36.19,0.43
2022,Hauts-de-France,50-54 ans,40-59 ans,M,Data,6,12,2269038,1,71,30887118,36.62,36.19,0.43
2022,Hauts-de-France,55-59 ans,40-59 ans,M,Data,1,3,2269038,1,71,30887118,36.62,36.19,0.43
2022,Hauts-de-France,60 ans ou plus,60+ ans,M,Data,2,2,1974465,1,71,30887118,36.62,36.19,0.43
2022,Normandie,25-29 ans,20-39 ans,M,Data,5,9,1117653,1,22,10801455,18.18,45.92,-27.74
2022,Normandie,30-34 ans,20-39 ans,M,Data,6,11,1117653,1,22,10801455,18.18,45.92,-27.74
2022,Normandie,35-39 ans,20-39 ans,F,Data,1,7,1114302,1,22,10801455,18.18,45.92,-27.74
2022,Normandie,35-39 ans,20-39 ans,M,Data,3,7,1117653,1,22,10801455,18.18,45.92,-27.74
2022,Normandie,40-44 ans,40-59 ans,M,Data,3,4,1244076,1,22,10801455,18.18,45.92,-27.74
2022,Normandie,45-49 ans,40-59 ans,F,Data,1,2,1282014,1,22,10801455,18.18,45.92,-27.74
2022,Normandie,45-49 ans,40-59 ans,M,Data,1,2,1244076,1,22,10801455,18.18,45.92,-27.74
2022,Normandie,50-54 ans,40-59 ans,F,Data,1,1,1282014,1,22,10801455,18.18,45.92,-27.74
2022,Normandie,55-59 ans,40-59 ans,F,Data,1,1,1282014,1,22,10801455,18.18,45.92,-27.74
2022,Nouvelle-Aquitaine,25-29 ans,20-39 ans,F,Data,1,20,1980404,1,72,33724968,26.39,46.76,-20.37
2022,Nouvelle-Aquitaine,25-29 ans,20-39 ans,M,Data,9,20,1976180,1,72,33724968,26.39,46.76,-20.37
2022,Nouvelle-Aquitaine,30-34 ans,20-39 ans,F,Data,1,25,1980404,1,72,33724968,26.39,46.76,-20.37
2022,Nouvelle-Aquitaine,30-34 ans,20-39 ans,M,Data,16,25,1976180,1,72,33724968,26.39,46.76,-20.37
2022,Nouvelle-Aquitaine,35-39 ans,20-39 ans,F,Data,3,19,1980404,1,72,33724968,26.39,46.76,-20.37
2022,Nouvelle-Aquitaine,35-39 ans,20-39 ans,M,Data,11,19,1976180,1,72,33724968,26.39,46.76,-20.37
2022,Nouvelle-Aquitaine,40-44 ans,40-59 ans,F,Data,7,21,2456854,1,72,33724968,26.39,46.76,-20.37
2022,Nouvelle-Aquitaine,40-44 ans,40-59 ans,M,Data,7,21,2357021,1,72,33724968,26.39,46.76,-20.37
2022,Nouvelle-Aquitaine,45-49 ans,40-59 ans,F,Data,4,15,2456854,1,72,33724968,26.39,46.76,-20.37
2022,Nouvelle-Aquitaine,45-49 ans,40-59 ans,M,Data,5,15,2357021,1,72,33724968,26.39,46.76,-20.37
2022,Nouvelle-Aquitaine,50-54 ans,40-59 ans,F,Data,2,10,2456854,1,72,33724968,26.39,46.76,-20.37
2022,Nouvelle-Aquitaine,50-54 ans,40-59 ans,M,Data,3,10,2357021,1,72,33724968,26.39,46.76,-20.37
2022,Nouvelle-Aquitaine,55-59 ans,40-59 ans,F,Data,1,3,2456854,1,72,33724968,26.39,46.76,-20.37
2022,Nouvelle-Aquitaine,55-59 ans,40-59 ans,M,Data,1,3,2357021,1,72,33724968,26.39,46.76,-20.37
2022,Nouvelle-Aquitaine,60 ans ou plus,60+ ans,M,Data,1,3,2599716,1,72,33724968,26.39,46.76,-20.37
2022,Occitanie,20-24 ans,20-39 ans,M,Data,2,2,2023252,1,68,32879094,26.47,47.43,-20.96
2022,Occitanie,25-29 ans,20-39 ans,F,Data,1,16,2041231,1,68,32879094,26.47,47.43,-20.96
2022,Occitanie,25-29 ans,20-39 ans,M,Data,10,16,2023252,1,68,32879094,26.47,47.43,-20.96
2022,Occitanie,30-34 ans,20-39 ans,F,Data,5,36,2041231,1,68,32879094,26.47,47.43,-20.96
2022,Occitanie,30-34 ans,20-39 ans,M,Data,14,36,2023252,1,68,32879094,26.47,47.43,-20.96
2022,Occitanie,35-39 ans,20-39 ans,F,Data,3,24,2041231,1,68,32879094,26.47,47.43,-20.96
2022,Occitanie,35-39 ans,20-39 ans,M,Data,12,24,2023252,1,68,32879094,26.47,47.43,-20.96
2022,Occitanie,40-44 ans,40-59 ans,F,Data,5,18,2367962,1,68,32879094,26.47,47.43,-20.96
2022,Occitanie,40-44 ans,40-59 ans,M,Data,6,18,2262055,1,68,32879094,26.47,47.43,-20.96
2022,Occitanie,45-49 ans,40-59 ans,F,Data,1,8,2367962,1,68,32879094,26.47,47.43,-20.96
2022,Occitanie,45-49 ans,40-59 ans,M,Data,3,8,2262055,1,68,32879094,26.47,47.43,-20.96
2022,Occitanie,50-54 ans,40-59 ans,F,Data,1,2,2367962,1,68,32879094,26.47,47.43,-20.96
2022,Occitanie,55-59 ans,40-59 ans,F,Data,2,6,2367962,1,68,32879094,26.47,47.43,-20.96
2022,Occitanie,55-59 ans,40-59 ans,M,Data,2,6,2262055,1,68,32879094,26.47,47.43,-20.96
2022,Occitanie,60 ans ou plus,60+ ans,M,Data,1,3,2404380,1,68,32879094,26.47,47.43,-20.96
2022,Pays de la Loire,25-29 ans,20-39 ans,F,Data,2,10,1309890,1,36,18312417,33.33,54.03,-20.69
2022,Pays de la Loire,25-29 ans,20-39 ans,M,Data,4,10,1326768,1,36,18312417,33.33,54.03,-20.69
2022,Pays de la Loire,30-34 ans,20-39 ans,F,Data,1,15,1309890,1,36,18312417,33.33,54.03,-20.69
2022,Pays de la Loire,30-34 ans,20-39 ans,M,Data,7,15,1326768,1,36,18312417,33.33,54.03,-20.69
2022,Pays de la Loire,35-39 ans,20-39 ans,F,Data,1,14,1309890,1,36,18312417,33.33,54.03,-20.69
2022,Pays de la Loire,35-39 ans,20-39 ans,M,Data,7,14,1326768,1,36,18312417,33.33,54.03,-20.69
2022,Pays de la Loire,40-44 ans,40-59 ans,F,Data,3,8,1491030,1,36,18312417,33.33,54.03,-20.69
2022,Pays de la Loire,45-49 ans,40-59 ans,F,Data,2,8,1491030,1,36,18312417,33.33,54.03,-20.69
2022,Pays de la Loire,45-49 ans,40-59 ans,M,Data,3,8,1479441,1,36,18312417,33.33,54.03,-20.69
2022,Pays de la Loire,50-54 ans,40-59 ans,F,Data,1,7,1491030,1,36,18312417,33.33,54.03,-20.69
2022,Pays de la Loire,50-54 ans,40-59 ans,M,Data,2,7,1479441,1,36,18312417,33.33,54.03,-20.69
2022,Pays de la Loire,55-59 ans,40-59 ans,F,Data,2,3,1491030,1,36,18312417,33.33,54.03,-20.69
2022,Pays de la Loire,55-59 ans,40-59 ans,M,Data,1,3,1479441,1,36,18312417,33.33,54.03,-20.69
2022,Provence-Alpes-Côte d'Azur,25-29 ans,20-39 ans,F,Data,4,16,1744281,1,59,28400244,23.73,47.59,-23.86
2022,Provence-Alpes-Côte d'Azur,25-29 ans,20-39 ans,M,Data,4,16,1691445,1,59,28400244,23.73,47.59,-23.86
2022,Provence-Alpes-Côte d'Azur,30-34 ans,20-39 ans,F,Data,2,30,1744281,1,59,28400244,23.73,47.59,-23.86
2022,Provence-Alpes-Côte d'Azur,30-34 ans,20-39 ans,M,Data,17,30,1691445,1,59,28400244,23.73,47.59,-23.86
2022,Provence-Alpes-Côte d'Azur,35-39 ans,20-39 ans,F,Data,1,15,1744281,1,59,28400244,23.73,47.59,-23.86
2022,Provence-Alpes-Côte d'Azur,35-39 ans,20-39 ans,M,Data,8,15,1691445,1,59,28400244,23.73,47.59,-23.86
2022,Provence-Alpes-Côte d'Azur,40-44 ans,40-59 ans,F,Data,4,18,2070384,1,59,28400244,23.73,47.59,-23.86
2022,Provence-Alpes-Côte d'Azur,40-44 ans,40-59 ans,M,Data,6,18,1937994,1,59,28400244,23.73,47.59,-23.86
2022,Provence-Alpes-Côte d'Azur,45-49 ans,40-59 ans,F,Data,1,9,2070384,1,59,28400244,23.73,47.59,-23.86
2022,Provence-Alpes-Côte d'Azur,45-49 ans,40-59 ans,M,Data,4,9,1937994,1,59,28400244,23.73,47.59,-23.86
2022,Provence-Alpes-Côte d'Azur,50-54 ans,40-59 ans,F,Data,1,5,2070384,1,59,28400244,23.73,47.59,-23.86
2022,Provence-Alpes-Côte d'Azur,50-54 ans,40-59 ans,M,Data,2,5,1937994,1,59,28400244,23.73,47.59,-23.86
2022,Provence-Alpes-Côte d'Azur,55-59 ans,40-59 ans,F,Data,1,4,2070384,1,59,28400244,23.73,47.59,-23.86
2022,Provence-Alpes-Côte d'Azur,55-59 ans,40-59 ans,M,Data,2,4,1937994,1,59,28400244,23.73,47.59,-23.86
2022,Provence-Alpes-Côte d'Azur,60 ans ou plus,60+ ans,M,Data,2,3,2059554,1,59,28400244,23.73,47.59,-23.86
2022,Île-de-France,20-24 ans,20-39 ans,F,Data,5,10,5331375,1,427,88025559,34.19,51.61,-17.42
2022,Île-de-France,20-24 ans,20-39 ans,M,Data,1,10,5043630,1,427,88025559,34.19,51.61,-17.42
2022,Île-de-France,25-29 ans,20-39 ans,F,Data,12,115,5331375,1,427,88025559,34.19,51.61,-17.42
2022,Île-de-France,25-29 ans,20-39 ans,M,Data,41,115,5043630,1,427,88025559,34.19,51.61,-17.42
2022,Île-de-France,30-34 ans,20-39 ans,F,Data,37,196,5331375,1,427,88025559,34.19,51.61,-17.42
2022,Île-de-France,30-34 ans,20-39 ans,M,Data,69,196,5043630,1,427,88025559,34.19,51.61,-17.42
2022,Île-de-France,35-39 ans,20-39 ans,F,Data,31,155,5331375,1,427,88025559,34.19,51.61,-17.42
2022,Île-de-France,35-39 ans,20-39 ans,M,Data,55,155,5043630,1,427,88025559,34.19,51.61,-17.42
2022,Île-de-France,40-44 ans,40-59 ans,F,Data,34,121,4937028,1,427,88025559,34.19,51.61,-17.42
2022,Île-de-France,40-44 ans,40-59 ans,M,Data,47,121,4748493,1,427,88025559,34.19,51.61,-17.42
2022,Île-de-France,45-49 ans,40-59 ans,F,Data,16,61,4937028,1,427,88025559,34.19,51.61,-17.42
2022,Île-de-France,45-49 ans,40-59 ans,M,Data,22,61,4748493,1,427,88025559,34.19,51.61,-17.42
2022,Île-de-France,50-54 ans,40-59 ans,F,Data,4,49,4937028,1,427,88025559,34.19,51.61,-17.42
2022,Île-de-France,50-54 ans,40-59 ans,M,Data,21,49,4748493,1,427,88025559,34.19,51.61,-17.42
2022,Île-de-France,55-59 ans,40-59 ans,F,Data,6,33,4937028,1,427,88025559,34.19,51.61,-17.42
2022,Île-de-France,55-59 ans,40-59 ans,M,Data,15,33,4748493,1,427,88025559,34.19,51.61,-17.42
2022,Île-de-France,60 ans ou plus,60+ ans,F,Data,1,22,4356906,1,427,88025559,34.19,51.61,-17.42
2022,Île-de-France,60 ans ou plus,60+ ans,M,Data,10,22,3426549,1,427,88025559,34.19,51.61,-17.42
